date,race_id,race_name,horse_name,horse_id,bet_type,pred_win,pred_place,pred_win_calibrated,odds,odds_recorded_time,bet_rule,bet_amount,kelly_theoretical,result,payout,pl,bankroll,memo
2026-03-08,202609010601,1R3歳未勝利09:50ダ1800m12頭,マーゴットデイズ,2023103896,単勝,0.1587,0.3810,0.1587,20.0,2026-03-08 09:12,条件B,100,5722,ハズレ,0,-100,49900.0,
2026-03-08,202606020402,2R3歳未勝利10:35ダ1200m16頭,ツクバヴァンガード,2023101037,単勝,0.2313,0.4691,0.2313,2.7,2026-03-08 09:57,条件A,100,0,ハズレ,0,-100,49800.0,
2026-03-08,202606020402,2R3歳未勝利10:35ダ1200m16頭,ベルオーシャン,2023104980,単勝,0.1253,0.1721,0.1253,13.4,2026-03-08 09:57,条件B,100,2738,ハズレ,0,-100,49700.0,
2026-03-08,202606020403,3R3歳未勝利11:05ダ1800m14頭,ホノボノ,2023100581,単勝,0.1984,0.3955,0.1984,17.9,2026-03-08 10:27,条件B,100,7550,的中,1520,1420,51120.0,
2026-03-08,202606020403,3R3歳未勝利11:05ダ1800m14頭,ゲンパチミスティ,2023105064,単勝,0.1555,0.3694,0.1555,50.8,2026-03-08 10:27,条件B,100,6926,ハズレ,0,-100,51020.0,
2026-03-08,202609010604,4R3歳未勝利11:20ダ1400m16頭,ルーポ,2023110099,単勝,0.2857,0.4935,0.2857,2.3,2026-03-08 10:42,条件A,100,0,ハズレ,0,-100,50920.0,
2026-03-08,202606020404,4R4歳以上障害未勝利11:35障2880m14頭,ロードヴァレンチ,2019103507,単勝,0.3677,0.5926,0.3677,7.4,2026-03-08 10:57,条件A,100,13444,ハズレ,0,-100,50820.0,
2026-03-08,202606020404,4R4歳以上障害未勝利11:35障2880m14頭,ノーブルクライ,2020102976,単勝,0.1623,0.2720,0.1623,13.3,2026-03-08 10:57,条件B,100,4710,ハズレ,0,-100,50720.0,
2026-03-08,202609010605,5R3歳1勝クラス12:10ダ1800m16頭,メイショウコマチ,2023102243,単勝,0.2427,0.4126,0.2427,5.1,2026-03-08 11:32,条件A,100,2898,ハズレ,0,-100,50620.0,
2026-03-08,202609010605,5R3歳1勝クラス12:10ダ1800m16頭,シュネルアンジュ,2023102948,単勝,0.2092,0.4119,0.2092,3.0,2026-03-08 11:32,条件A,100,0,ハズレ,0,-100,50520.0,
2026-03-08,202609010605,5R3歳1勝クラス12:10ダ1800m16頭,エイコーンドリーム,2023104858,単勝,0.1706,0.3393,0.1706,21.2,2026-03-08 11:32,条件B,100,6479,ハズレ,0,-100,50420.0,
2026-03-08,202609010605,5R3歳1勝クラス12:10ダ1800m16頭,グラシアムヘール,2023105370,単勝,0.1545,0.3189,0.1545,10.3,2026-03-08 11:32,条件B,100,3179,ハズレ,0,-100,50320.0,
2026-03-08,202609010605,5R3歳1勝クラス12:10ダ1800m16頭,ジュワネング,2023107196,単勝,0.1294,0.2961,0.1294,13.5,2026-03-08 11:32,条件B,100,2988,ハズレ,0,-100,50220.0,
2026-03-08,202609010605,5R3歳1勝クラス12:10ダ1800m16頭,アーネストアイズ,2023103292,単勝,0.1215,0.3466,0.1215,14.5,2026-03-08 11:32,条件B,100,2820,ハズレ,0,-100,50120.0,
2026-03-08,202609010605,5R3歳1勝クラス12:10ダ1800m16頭,ペンダント,2023105447,単勝,0.1056,0.3513,0.1056,18.2,2026-03-08 11:32,条件B,100,2678,的中,1560,1460,51580.0,
2026-03-08,202606020405,5R3歳未勝利12:25芝1800m16頭,アルペンローゼ,2023105243,単勝,0.1295,0.4179,0.1295,16.4,2026-03-08 11:47,条件B,100,3648,ハズレ,0,-100,51480.0,
2026-03-08,202606020405,5R3歳未勝利12:25芝1800m16頭,ベルランコントル,2023106475,単勝,0.1229,0.2289,0.1229,12.5,2026-03-08 11:47,条件B,100,2333,ハズレ,0,-100,51380.0,
2026-03-08,202606020405,5R3歳未勝利12:25芝1800m16頭,ニシノマルガリート,2023104713,単勝,0.1134,0.2219,0.1134,34.4,2026-03-08 11:47,条件B,100,4341,ハズレ,0,-100,51280.0,
2026-03-08,202606020406,6R4歳以上1勝クラス12:55ダ1200m16頭,カーヌスティ,2022103639,単勝,0.2807,0.4620,0.2807,4.1,2026-03-08 12:17,条件A,100,2435,ハズレ,0,-100,51180.0,
2026-03-08,202606020406,6R4歳以上1勝クラス12:55ダ1200m16頭,ショウナンラリー,2022103924,単勝,0.1236,0.3282,0.1236,13.2,2026-03-08 12:17,条件B,100,2588,ハズレ,0,-100,51080.0,
2026-03-08,202609010607,7R4歳以上1勝クラス13:10芝2000m9頭,ビゾー,2022103770,単勝,0.3112,0.5744,0.3112,8.4,2026-03-08 12:32,条件A,100,10908,ハズレ,0,-100,50980.0,
2026-03-08,202609010607,7R4歳以上1勝クラス13:10芝2000m9頭,ジェルブロア,2022106618,単勝,0.1672,0.5389,0.1672,12.0,2026-03-08 12:32,条件B,100,4575,ハズレ,0,-100,50880.0,
2026-03-08,202606020407,7R3歳1勝クラス13:25芝1600m11頭,ディールメーカー,2023103326,単勝,0.3671,0.5327,0.3671,3.6,2026-03-08 12:47,条件A,100,6184,的中,280,180,51060.0,
2026-03-08,202606020407,7R3歳1勝クラス13:25芝1600m11頭,ランズダウンロード,2023107039,単勝,0.3552,0.6052,0.3552,4.8,2026-03-08 12:47,条件A,100,9277,ハズレ,0,-100,50960.0,
2026-03-08,202606020407,7R3歳1勝クラス13:25芝1600m11頭,ベレーバスク,2023106477,単勝,0.1261,0.3088,0.1261,27.2,2026-03-08 12:47,条件B,100,4638,ハズレ,0,-100,50860.0,
2026-03-08,202609010608,8R4歳以上2勝クラス13:40ダ1800m9頭,ノボリクレバー,2020106393,単勝,0.1418,0.4838,0.1418,10.6,2026-03-08 13:02,条件B,100,2620,ハズレ,0,-100,50760.0,
2026-03-08,202606020408,8R4歳以上2勝クラス13:55ダ1800m13頭,ミダース,2021105951,単勝,0.2570,0.5417,0.2570,4.1,2026-03-08 13:17,条件A,100,863,ハズレ,0,-100,50660.0,
2026-03-08,202606020408,8R4歳以上2勝クラス13:55ダ1800m13頭,リラゲイル,2022103518,単勝,0.2163,0.4460,0.2163,17.5,2026-03-08 13:17,条件B,100,8438,ハズレ,0,-100,50560.0,
2026-03-08,202606020408,8R4歳以上2勝クラス13:55ダ1800m13頭,ニューファウンド,2022104643,単勝,0.1520,0.3873,0.1520,13.0,2026-03-08 13:17,条件B,100,4065,ハズレ,0,-100,50460.0,
2026-03-08,202609010609,9Rアルメリア賞14:15芝1800m6頭,テーオーアルアイン,2023105241,単勝,0.2063,0.4090,0.2063,2.3,2026-03-08 13:37,条件A,100,0,ハズレ,0,-100,50360.0,
2026-03-08,202606020409,9R湾岸S14:30芝2500m16頭,トリプルコーク,2022104925,単勝,0.3234,0.6051,0.3234,3.2,2026-03-08 13:52,条件A,100,790,ハズレ,0,-100,50260.0,
2026-03-08,202606020409,9R湾岸S14:30芝2500m16頭,ウインルーティン,2020105206,単勝,0.1120,0.2075,0.1120,44.3,2026-03-08 13:52,条件B,100,4577,ハズレ,0,-100,50160.0,
2026-03-08,202609010610,10R岸和田S14:50芝1600m14頭,ミッキージュエリー,2022103245,単勝,0.2929,0.4986,0.2929,3.8,2026-03-08 14:12,条件A,100,2020,ハズレ,0,-100,50060.0,
2026-03-08,202609010610,10R岸和田S14:50芝1600m14頭,ミストレス,2022103754,単勝,0.1646,0.3462,0.1646,32.9,2026-03-08 14:12,条件B,100,6922,ハズレ,0,-100,49960.0,
2026-03-08,202606020410,10R総武S15:05ダ1800m15頭,イムホテプ,2022104983,単勝,0.3581,0.4978,0.3581,5.6,2026-03-08 14:27,条件A,100,10926,ハズレ,0,-100,49860.0,
2026-03-08,202606020410,10R総武S15:05ダ1800m15頭,クラウンシエンタ,2021101253,単勝,0.1213,0.3302,0.1213,12.4,2026-03-08 14:27,条件B,100,2211,ハズレ,0,-100,49760.0,
2026-03-08,202606020410,10R総武S15:05ダ1800m15頭,アスクデビューモア,2021104824,単勝,0.1125,0.2774,0.1125,23.4,2026-03-08 14:27,条件B,100,3645,ハズレ,0,-100,49660.0,
2026-03-08,202609010611,11R大阪城S15:30芝1800m13頭,テリオスララ,2022104812,単勝,0.2802,0.4712,0.2802,7.0,2026-03-08 14:52,条件A,100,8011,ハズレ,0,-100,49560.0,
2026-03-08,202606020411,11R弥生賞15:45芝2000m10頭,バリオス,2023105354,単勝,0.3995,0.5930,0.3995,17.4,2026-03-08 15:07,条件B,100,18143,ハズレ,0,-100,49460.0,
2026-03-08,202606020411,11R弥生賞15:45芝2000m10頭,アドマイヤクワッズ,2023105311,単勝,0.3212,0.6339,0.3212,2.2,2026-03-08 15:07,条件A,100,0,ハズレ,0,-100,49360.0,
2026-03-08,202606020411,11R弥生賞15:45芝2000m10頭,ライヒスアドラー,2023103687,単勝,0.2413,0.4753,0.2413,3.5,2026-03-08 15:07,条件A,100,0,ハズレ,0,-100,49260.0,
2026-03-08,202606020411,11R弥生賞15:45芝2000m10頭,ステラスペース,2023104346,単勝,0.1254,0.3124,0.1254,13.4,2026-03-08 15:07,条件B,100,2744,ハズレ,0,-100,49160.0,
2026-03-08,202609010612,12R4歳以上2勝クラス16:10ダ1400m14頭,モズタチアガレ,2022106010,単勝,0.1408,0.3109,0.1408,10.0,2026-03-08 15:32,条件B,100,2268,ハズレ,0,-100,49060.0,
2026-03-08,202606020412,12R4歳以上2勝クラス16:25芝1200m16頭,アオイレーギーナ,2022102939,単勝,0.3062,0.5028,0.3062,5.1,2026-03-08 15:47,条件A,100,6848,ハズレ,0,-100,48960.0,
2026-03-08,202606020412,12R4歳以上2勝クラス16:25芝1200m16頭,レザンノワール,2021104665,単勝,0.1347,0.2549,0.1347,11.3,2026-03-08 20:35,条件B,100,2483,未確定,0,0,0,
2026-03-14,202607010101,1R3歳未勝利09:45ダ1800m10頭,トゥルパーニ,2023103600,単勝,0.1764,0.2132,0.1764,28.9,2026-03-14 09:07,条件B,100,7192,ハズレ,0,-100,48860.0,
2026-03-14,202607010101,1R3歳未勝利09:45ダ1800m10頭,シンデレラカラー,2023101778,単勝,0.1425,0.3125,0.1425,12.4,2026-03-14 09:07,条件B,100,3294,ハズレ,0,-100,48760.0,
2026-03-14,202609010701,1R3歳未勝利09:50ダ1800m13頭,マルベック,2023105155,単勝,0.2392,0.4020,0.2392,2.2,2026-03-14 09:12,条件A,100,0,ハズレ,0,-100,48660.0,
2026-03-14,202609010701,1R3歳未勝利09:50ダ1800m13頭,コイタマチャン,2023100652,単勝,0.2097,0.3459,0.2097,12.6,2026-03-14 09:12,条件B,100,6931,ハズレ,0,-100,48560.0,
2026-03-14,202609010701,1R3歳未勝利09:50ダ1800m13頭,ダンツカレン,2023104337,単勝,0.1167,0.1304,0.1167,14.6,2026-03-14 09:12,条件B,100,2534,ハズレ,0,-100,48460.0,
2026-03-14,202606020501,1R3歳未勝利10:05ダ1800m15頭,アスコットヴェール,2023109067,単勝,0.3381,0.2150,0.3381,3.3,2026-03-14 09:27,条件A,100,2463,ハズレ,0,-100,48360.0,
2026-03-14,202606020501,1R3歳未勝利10:05ダ1800m15頭,フローレスカラーズ,2023100731,単勝,0.2162,0.2891,0.2162,16.6,2026-03-14 09:27,条件B,100,8127,ハズレ,0,-100,48260.0,
2026-03-14,202606020501,1R3歳未勝利10:05ダ1800m15頭,クイーンズホリデー,2023100941,単勝,0.1928,0.4462,0.1928,10.9,2026-03-14 09:27,条件B,100,5450,ハズレ,0,-100,48160.0,
2026-03-14,202607010102,2R3歳未勝利10:10ダ1200m16頭,スノーランス,2023103693,単勝,0.4705,0.6052,0.4705,5.0,2026-03-14 09:32,条件A,100,16554,ハズレ,0,-100,48060.0,
2026-03-14,202607010102,2R3歳未勝利10:10ダ1200m16頭,モズタイシソウシ,2023105728,単勝,0.2546,0.4136,0.2546,4.8,2026-03-14 09:32,条件A,100,2860,ハズレ,0,-100,47960.0,
2026-03-14,202607010102,2R3歳未勝利10:10ダ1200m16頭,ナムラオットー,2023106232,単勝,0.2242,0.4807,0.2242,19.0,2026-03-14 09:32,条件B,100,8869,ハズレ,0,-100,47860.0,
2026-03-14,202607010102,2R3歳未勝利10:10ダ1200m16頭,ダイユウヴェンティ,2023105102,単勝,0.1818,0.3083,0.1818,19.4,2026-03-14 09:32,条件B,100,6726,ハズレ,0,-100,47760.0,
2026-03-14,202609010702,2R3歳未勝利10:20ダ1400m16頭,ジャーナーリア,2023100596,単勝,0.3745,0.5800,0.3745,2.4,2026-03-14 09:42,条件A,100,0,ハズレ,0,-100,47660.0,
2026-03-14,202609010702,2R3歳未勝利10:20ダ1400m16頭,ジューンアゲイン,2023101003,単勝,0.2059,0.2641,0.2059,6.0,2026-03-14 09:42,条件A,100,2303,的中,340,240,47900.0,
2026-03-14,202606020502,2R3歳未勝利10:35ダ1800m16頭,ジェネラスキング,2023103806,単勝,0.4973,0.5934,0.4973,3.8,2026-03-14 09:57,条件A,100,15557,ハズレ,0,-100,47800.0,
2026-03-14,202606020502,2R3歳未勝利10:35ダ1800m16頭,レイズレガシー,2023102978,単勝,0.3282,0.4562,0.3282,14.4,2026-03-14 09:57,条件B,100,13612,ハズレ,0,-100,47700.0,
2026-03-14,202606020502,2R3歳未勝利10:35ダ1800m16頭,ヴァンデスペランス,2023107331,単勝,0.2165,0.5197,0.2165,5.9,2026-03-14 09:57,条件A,100,2769,ハズレ,0,-100,47600.0,
2026-03-14,202606020502,2R3歳未勝利10:35ダ1800m16頭,ウェイヴメカニクス,2023105373,単勝,0.1247,0.2305,0.1247,38.1,2026-03-14 09:57,条件B,100,4953,ハズレ,0,-100,47500.0,
2026-03-14,202606020502,2R3歳未勝利10:35ダ1800m16頭,セブンワンダーズ,2023100928,単勝,0.1207,0.3458,0.1207,10.6,2026-03-14 09:57,条件B,100,1424,ハズレ,0,-100,47400.0,
2026-03-14,202607010103,3R3歳未勝利10:40ダ1900m13頭,レッドフロイデ,2023103441,単勝,0.2625,0.4425,0.2625,2.8,2026-03-14 10:02,条件A,100,0,ハズレ,0,-100,47300.0,
2026-03-14,202607010103,3R3歳未勝利10:40ダ1900m13頭,イエッサー,2023106881,単勝,0.2055,0.2837,0.2055,14.0,2026-03-14 10:02,条件B,100,7068,ハズレ,0,-100,47200.0,
2026-03-14,202609010703,3R3歳未勝利10:50ダ1800m13頭,フロムザムーン,2023102369,単勝,0.2254,0.2611,0.2254,27.3,2026-03-14 10:12,条件B,100,9593,ハズレ,0,-100,47100.0,
2026-03-14,202606020503,3R3歳未勝利11:05ダ1200m16頭,シーシェル,2023105212,単勝,0.3399,0.3700,0.3399,38.6,2026-03-14 10:27,条件B,100,15782,ハズレ,0,-100,47000.0,
2026-03-14,202606020503,3R3歳未勝利11:05ダ1200m16頭,ピグマリオン,2023101391,単勝,0.2139,0.2209,0.2139,29.3,2026-03-14 10:27,条件B,100,9114,ハズレ,0,-100,46900.0,
2026-03-14,202607010104,4R3歳未勝利11:10芝1600m16頭,エアヴァイブス,2023106910,単勝,0.2165,0.4524,0.2165,2.8,2026-03-14 10:32,条件A,100,0,ハズレ,0,-100,46800.0,
2026-03-14,202606020504,4R3歳未勝利11:35ダ1800m16頭,ティブロン,2023105139,単勝,0.1490,0.1395,0.1490,90.4,2026-03-14 10:57,条件B,100,6827,ハズレ,0,-100,46700.0,
2026-03-14,202606020504,4R3歳未勝利11:35ダ1800m16頭,ハイランダー,2023103504,単勝,0.1263,0.2463,0.1263,165.1,2026-03-14 10:57,条件B,100,5922,ハズレ,0,-100,46600.0,
2026-03-14,202607010106,6R3歳1勝クラス12:30ダ1800m16頭,テイエムゴッホ,2023101704,単勝,0.3229,0.4784,0.3229,4.9,2026-03-14 11:52,条件A,100,7306,ハズレ,0,-100,46500.0,
2026-03-14,202607010106,6R3歳1勝クラス12:30ダ1800m16頭,ブルーメサンライズ,2023101573,単勝,0.2149,0.3989,0.2149,32.5,2026-03-14 11:52,条件B,100,9299,ハズレ,0,-100,46400.0,
2026-03-14,202607010106,6R3歳1勝クラス12:30ダ1800m16頭,ゴールデンスラム,2023105008,単勝,0.1187,0.2641,0.1187,11.8,2026-03-14 11:52,条件B,100,1816,ハズレ,0,-100,46300.0,
2026-03-14,202607010106,6R3歳1勝クラス12:30ダ1800m16頭,マッドゲイル,2023103701,単勝,0.1110,0.4038,0.1110,15.0,2026-03-14 11:52,条件B,100,2324,ハズレ,0,-100,46200.0,
2026-03-14,202609010706,6R4歳以上1勝クラス12:40ダ1800m13頭,フェロニエール,2021105519,単勝,0.3097,0.4270,0.3097,9.2,2026-03-14 12:02,条件A,100,11042,ハズレ,0,-100,46100.0,
2026-03-14,202609010706,6R4歳以上1勝クラス12:40ダ1800m13頭,ヴォルクメア,2022106628,単勝,0.1409,0.2615,0.1409,36.6,2026-03-14 12:02,条件B,100,5715,ハズレ,0,-100,46000.0,
2026-03-14,202609010706,6R4歳以上1勝クラス12:40ダ1800m13頭,メイショウウメゴチ,2022102768,単勝,0.1085,0.1513,0.1085,16.1,2026-03-14 12:02,条件B,100,2424,ハズレ,0,-100,45900.0,
2026-03-14,202606020506,6R3歳1勝クラス12:55ダ1800m16頭,オクトーバーナイン,2023103962,単勝,0.4778,0.1813,0.4778,15.0,2026-03-14 12:17,条件B,100,21568,ハズレ,0,-100,45800.0,
2026-03-14,202606020506,6R3歳1勝クラス12:55ダ1800m16頭,テンカムテキ,2023104927,単勝,0.3942,0.5523,0.3942,2.8,2026-03-14 12:17,条件A,100,2823,ハズレ,0,-100,45700.0,
2026-03-14,202606020506,6R3歳1勝クラス12:55ダ1800m16頭,システマソラー,2023102120,単勝,0.3592,0.3422,0.3592,17.0,2026-03-14 12:17,条件B,100,15627,ハズレ,0,-100,45600.0,
2026-03-14,202606020506,6R3歳1勝クラス12:55ダ1800m16頭,ガンダ,2023101383,単勝,0.1246,0.3475,0.1246,11.8,2026-03-14 12:17,条件B,100,2130,ハズレ,0,-100,45500.0,
2026-03-14,202607010107,7R4歳以上1勝クラス13:00芝1600m16頭,ミッキーマドンナ,2022105078,単勝,0.2253,0.4931,0.2253,2.3,2026-03-14 12:22,条件A,100,0,ハズレ,0,-100,45400.0,
2026-03-14,202609010707,7R4歳以上1勝クラス13:10ダ1400m16頭,エンダードラゴン,2022104890,単勝,0.2718,0.5117,0.2718,3.1,2026-03-14 12:32,条件A,100,0,ハズレ,0,-100,45300.0,
2026-03-14,202609010707,7R4歳以上1勝クラス13:10ダ1400m16頭,ザングウィル,2020110051,単勝,0.2314,0.4218,0.2314,18.3,2026-03-14 12:32,条件B,100,9152,ハズレ,0,-100,45200.0,
2026-03-14,202609010707,7R4歳以上1勝クラス13:10ダ1400m16頭,スターペスショウマ,2022106997,単勝,0.1578,0.1965,0.1578,96.0,2026-03-14 12:32,条件B,100,7292,ハズレ,0,-100,45100.0,
2026-03-14,202609010707,7R4歳以上1勝クラス13:10ダ1400m16頭,セルズパワー,2022102052,単勝,0.1413,0.3173,0.1413,25.9,2026-03-14 12:32,条件B,100,5229,ハズレ,0,-100,45000.0,
2026-03-14,202609010707,7R4歳以上1勝クラス13:10ダ1400m16頭,ラピダリア,2021100652,単勝,0.1050,0.2921,0.1050,73.5,2026-03-14 12:32,条件B,100,4539,ハズレ,0,-100,44900.0,
2026-03-14,202609010707,7R4歳以上1勝クラス13:10ダ1400m16頭,バルミラクル,2022106177,単勝,0.1027,0.2862,0.1027,52.8,2026-03-14 12:32,条件B,100,4181,ハズレ,0,-100,44800.0,
2026-03-14,202606020507,7R4歳以上1勝クラス13:25芝2500m10頭,テイキットイージー,2021101088,単勝,0.1241,0.3069,0.1241,68.3,2026-03-14 12:47,条件B,100,5438,ハズレ,0,-100,44700.0,
2026-03-14,202607010108,8R4歳以上1勝クラス13:35ダ1200m16頭,ルクスコスモス,2022101126,単勝,0.2246,0.3521,0.2246,7.6,2026-03-14 12:57,条件A,100,5242,ハズレ,0,-100,44600.0,
2026-03-14,202609010708,8R阪神スプリJ13:45障3900m10頭,メイショウアツイタ,2018105731,単勝,0.5492,0.3868,0.5492,52.1,2026-03-14 13:07,条件B,100,24480,ハズレ,0,-100,44500.0,
2026-03-14,202606020508,8R4歳以上1勝クラス14:00ダ1200m16頭,アームズクイーン,2022100961,単勝,0.3380,0.2576,0.3380,62.4,2026-03-14 13:22,条件B,100,16021,ハズレ,0,-100,44400.0,
2026-03-14,202606020508,8R4歳以上1勝クラス14:00ダ1200m16頭,アイアムイチバン,2022103183,単勝,0.2729,0.2735,0.2729,26.2,2026-03-14 13:22,条件B,100,11950,的中,2020,1920,46320.0,
2026-03-14,202606020508,8R4歳以上1勝クラス14:00ダ1200m16頭,ザローズハーツ,2022105993,単勝,0.1980,0.1511,0.1980,16.9,2026-03-14 13:22,条件B,100,7226,ハズレ,0,-100,46220.0,
2026-03-14,202607010109,9R鶴舞特別14:10芝2200m10頭,ディーンズリスター,2019105490,単勝,0.2444,0.4768,0.2444,9.1,2026-03-14 13:32,条件A,100,7397,ハズレ,0,-100,46120.0,
2026-03-14,202609010709,9R讃岐特別14:20芝1200m15頭,フードマン,2022110056,単勝,0.3413,0.4033,0.3413,7.0,2026-03-14 13:42,条件A,100,11337,ハズレ,0,-100,46020.0,
2026-03-14,202609010709,9R讃岐特別14:20芝1200m15頭,ベビーズブレス,2022106351,単勝,0.1550,0.3720,0.1550,22.5,2026-03-14 13:42,条件B,100,5663,ハズレ,0,-100,45920.0,
2026-03-14,202606020509,9R房総特別14:35芝2000m11頭,テンミラクルスター,2022101134,単勝,0.6480,0.6750,0.6480,2.9,2026-03-14 13:57,条件A,100,22655,的中,230,130,46050.0,
2026-03-14,202606020509,9R房総特別14:35芝2000m11頭,ゴーソーファー,2022104781,単勝,0.2277,0.3452,0.2277,18.7,2026-03-14 13:57,条件B,100,9014,ハズレ,0,-100,45950.0,
2026-03-14,202607010110,10R茶臼山高原特14:45芝2000m10頭,バンフィエルド,2019104531,単勝,0.4674,0.5649,0.4674,56.6,2026-03-14 14:07,条件B,100,22416,ハズレ,0,-100,45850.0,
2026-03-14,202609010710,10R難波S14:55芝1800m11頭,ジーティーアダマン,2022101193,単勝,0.4942,0.5833,0.4942,2.7,2026-03-14 14:17,条件A,100,9626,的中,200,100,45950.0,
2026-03-14,202609010710,10R難波S14:55芝1800m11頭,ディヴァインスター,2022105984,単勝,0.2270,0.5367,0.2270,18.2,2026-03-14 14:17,条件B,100,8914,ハズレ,0,-100,45850.0,
2026-03-14,202609010710,10R難波S14:55芝1800m11頭,ホウオウアートマン,2022104845,単勝,0.1299,0.4016,0.1299,10.7,2026-03-14 14:17,条件B,100,1968,ハズレ,0,-100,45750.0,
2026-03-14,202606020510,10R幕張S15:10芝1600m16頭,ヒシアマン,2022104594,単勝,0.4497,0.5876,0.4497,2.5,2026-03-14 14:32,条件A,100,4056,ハズレ,0,-100,45650.0,
2026-03-14,202606020510,10R幕張S15:10芝1600m16頭,ストレイトトーカー,2022101669,単勝,0.1992,0.4611,0.1992,12.5,2026-03-14 14:32,条件B,100,6341,ハズレ,0,-100,45550.0,
2026-03-14,202606020510,10R幕張S15:10芝1600m16頭,ウインレイアー,2020105185,単勝,0.1404,0.2779,0.1404,23.7,2026-03-14 14:32,条件B,100,5019,ハズレ,0,-100,45450.0,
2026-03-14,202607010111,11R中京スポーツ15:20ダ1800m14頭,スマートスピア,2021101106,単勝,0.4262,0.5653,0.4262,4.6,2026-03-14 14:42,条件A,100,13061,ハズレ,0,-100,45350.0,
2026-03-14,202607010111,11R中京スポーツ15:20ダ1800m14頭,テーオーマルコーニ,2022102228,単勝,0.2760,0.4924,0.2760,3.0,2026-03-14 14:42,条件A,100,0,的中,250,150,45500.0,
2026-03-14,202607010111,11R中京スポーツ15:20ダ1800m14頭,ネクストダンサー,2022103753,単勝,0.1126,0.0776,0.1126,13.3,2026-03-14 14:42,条件B,100,1980,ハズレ,0,-100,45400.0,
2026-03-14,202609010711,11RコーラルS15:30ダ1400m13頭,キタノズエッジ,2021100505,単勝,0.4372,0.4185,0.4372,7.7,2026-03-14 14:52,条件A,100,17290,ハズレ,0,-100,45300.0,
2026-03-14,202609010711,11RコーラルS15:30ダ1400m13頭,ビダーヤ,2021105537,単勝,0.2120,0.4444,0.2120,2.7,2026-03-14 14:52,条件A,100,0,ハズレ,0,-100,45200.0,
2026-03-14,202609010711,11RコーラルS15:30ダ1400m13頭,ノーブルロジャー,2021110148,単勝,0.1479,0.3050,0.1479,12.6,2026-03-14 14:52,条件B,100,3647,ハズレ,0,-100,45100.0,
2026-03-14,202609010711,11RコーラルS15:30ダ1400m13頭,ポールセン,2022110140,単勝,0.1212,0.1897,0.1212,16.7,2026-03-14 14:52,条件B,100,3195,ハズレ,0,-100,45000.0,
2026-03-14,202606020511,11RアネモネS15:45芝1600m16頭,バルボアパーク,2023107172,単勝,0.3311,0.5279,0.3311,3.6,2026-03-14 15:07,条件A,100,3617,ハズレ,0,-100,44900.0,
2026-03-14,202606020511,11RアネモネS15:45芝1600m16頭,ファンクション,2023103648,単勝,0.2128,0.3881,0.2128,9.8,2026-03-14 15:07,条件A,100,6036,ハズレ,0,-100,44800.0,
2026-03-14,202606020511,11RアネモネS15:45芝1600m16頭,ルージュダリア,2023105345,単勝,0.2092,0.2340,0.2092,8.1,2026-03-14 15:07,条件A,100,4789,ハズレ,0,-100,44700.0,
2026-03-14,202609010712,12R4歳以上1勝クラス16:10ダ1800m8頭,ソニックステップ,2022104854,単勝,0.3359,0.4590,0.3359,2.3,2026-03-14 15:32,条件A,100,0,ハズレ,0,-100,44600.0,
2026-03-14,202609010712,12R4歳以上1勝クラス16:10ダ1800m8頭,ダノンフェルゼン,2022104892,単勝,0.2215,0.4747,0.2215,7.1,2026-03-14 15:32,条件A,100,4597,ハズレ,0,-100,44500.0,
2026-03-14,202609010712,12R4歳以上1勝クラス16:10ダ1800m8頭,ソクヅモドラドラ,2022104704,単勝,0.2163,0.2917,0.2163,18.5,2026-03-14 15:32,条件B,100,8398,ハズレ,0,-100,44400.0,
2026-03-14,202606020512,12R4歳以上2勝クラス16:25ダ1200m16頭,レッドアレグロ,2021104762,単勝,0.3560,0.4999,0.3560,3.8,2026-03-14 15:47,条件A,100,6170,ハズレ,0,-100,44300.0,
2026-03-14,202606020512,12R4歳以上2勝クラス16:25ダ1200m16頭,キョウエイカンフ,2020100363,単勝,0.2735,0.4615,0.2735,4.1,2026-03-14 15:47,条件A,100,1918,ハズレ,0,-100,44200.0,
2026-03-14,202606020512,12R4歳以上2勝クラス16:25ダ1200m16頭,モリノレッドスター,2021106298,単勝,0.2065,0.3503,0.2065,8.2,2026-03-14 15:47,条件A,100,4717,ハズレ,0,-100,44100.0,
2026-03-14,202606020512,12R4歳以上2勝クラス16:25ダ1200m16頭,ケンキョ,2020105949,単勝,0.1692,0.1562,0.1692,16.2,2026-03-14 15:47,条件B,100,5610,ハズレ,0,-100,44000.0,
2026-03-15,202607010201,1R3歳未勝利09:45ダ1400m16頭,ジャガーライズ,2023102594,単勝,0.3055,0.5598,0.3055,7.1,2026-03-15 09:07,条件A,100,8433,ハズレ,0,-100,43900.0,
2026-03-15,202609010801,1R3歳未勝利09:55ダ1400m16頭,レウコテア,2023103787,単勝,0.2369,0.3873,0.2369,8.7,2026-03-15 09:17,条件A,100,6063,ハズレ,0,-100,43800.0,
2026-03-15,202609010801,1R3歳未勝利09:55ダ1400m16頭,スマートルヴァン,2023102766,単勝,0.1205,0.2969,0.1205,39.0,2026-03-15 09:17,条件B,100,4285,ハズレ,0,-100,43700.0,
2026-03-15,202606020601,1R3歳未勝利10:05ダ1200m16頭,コパノキャメロン,2023101570,単勝,0.3436,0.3012,0.3436,9.6,2026-03-15 09:27,条件A,100,11758,ハズレ,0,-100,43600.0,
2026-03-15,202606020601,1R3歳未勝利10:05ダ1200m16頭,ブーケドリス,2023103802,単勝,0.2487,0.4409,0.2487,2.6,2026-03-15 09:27,条件A,100,0,的中,220,120,43720.0,
2026-03-15,202607010202,2R3歳未勝利10:15ダ1800m13頭,ガイストライヒ,2023106948,単勝,0.3415,0.4978,0.3415,6.8,2026-03-15 09:37,条件A,100,10029,ハズレ,0,-100,43620.0,
2026-03-15,202607010202,2R3歳未勝利10:15ダ1800m13頭,メイショウランケイ,2023101751,単勝,0.2019,0.2001,0.2019,27.7,2026-03-15 09:37,条件B,100,7567,ハズレ,0,-100,43520.0,
2026-03-15,202607010202,2R3歳未勝利10:15ダ1800m13頭,サートゥリア,2023104556,単勝,0.1120,0.1070,0.1120,51.2,2026-03-15 09:37,条件B,100,4151,ハズレ,0,-100,43420.0,
2026-03-15,202609010802,2R3歳未勝利10:25ダ1800m14頭,サンオブザサン,2023101979,単勝,0.1129,0.1885,0.1129,11.5,2026-03-15 09:47,条件B,100,1249,ハズレ,0,-100,43320.0,
2026-03-15,202609010802,2R3歳未勝利10:25ダ1800m14頭,グンバイ,2023106643,単勝,0.1014,0.1553,0.1014,10.8,2026-03-15 09:47,条件B,100,429,ハズレ,0,-100,43220.0,
2026-03-15,202606020602,2R3歳未勝利10:35ダ1800m16頭,コスモラムバック,2023106452,単勝,0.5698,0.4693,0.5698,24.0,2026-03-15 09:57,条件B,100,22000,ハズレ,0,-100,43120.0,
2026-03-15,202606020602,2R3歳未勝利10:35ダ1800m16頭,ナックスプレンダー,2023100282,単勝,0.4085,0.5442,0.4085,4.7,2026-03-15 09:57,条件A,100,10941,ハズレ,0,-100,43020.0,
2026-03-15,202606020602,2R3歳未勝利10:35ダ1800m16頭,タケルムサシ,2023105177,単勝,0.3640,0.5215,0.3640,6.6,2026-03-15 09:57,条件A,100,11017,的中,690,590,43610.0,
2026-03-15,202606020602,2R3歳未勝利10:35ダ1800m16頭,トルネードアイル,2023105308,単勝,0.3455,0.6169,0.3455,2.5,2026-03-15 09:57,条件A,100,0,ハズレ,0,-100,43510.0,
2026-03-15,202606020602,2R3歳未勝利10:35ダ1800m16頭,ウェルックス,2023101458,単勝,0.3156,0.1182,0.3156,63.8,2026-03-15 09:57,条件B,100,13407,ハズレ,0,-100,43410.0,
2026-03-15,202606020602,2R3歳未勝利10:35ダ1800m16頭,ブザービーター,2023105382,単勝,0.2689,0.4220,0.2689,50.1,2026-03-15 09:57,条件B,100,11178,ハズレ,0,-100,43310.0,
2026-03-15,202609010803,3R3歳未勝利10:55ダ1200m16頭,レッツエンジョイ,2023102104,単勝,0.4356,0.4662,0.4356,5.2,2026-03-15 10:17,条件A,100,13255,ハズレ,0,-100,43210.0,
2026-03-15,202609010803,3R3歳未勝利10:55ダ1200m16頭,ナムラロダン,2023106223,単勝,0.2448,0.2372,0.2448,2.7,2026-03-15 10:17,条件A,100,0,ハズレ,0,-100,43110.0,
2026-03-15,202606020603,3R3歳未勝利11:05ダ1200m16頭,ノブピースオブラブ,2023105777,単勝,0.2574,0.1814,0.2574,34.1,2026-03-15 10:27,条件B,100,10337,ハズレ,0,-100,43010.0,
2026-03-15,202606020603,3R3歳未勝利11:05ダ1200m16頭,トウシンライオット,2023103088,単勝,0.2409,0.2432,0.2409,31.9,2026-03-15 10:27,条件B,100,9519,ハズレ,0,-100,42910.0,
2026-03-15,202609010804,4R4歳以上障害未勝利11:25障2970m14頭,セイフウサツキ,2022101461,単勝,0.2738,0.3880,0.2738,2.5,2026-03-15 10:47,条件A,100,0,ハズレ,0,-100,42810.0,
2026-03-15,202609010804,4R4歳以上障害未勝利11:25障2970m14頭,スラーヴァ,2021103916,単勝,0.2336,0.4064,0.2336,59.0,2026-03-15 10:47,条件B,100,9695,ハズレ,0,-100,42710.0,
2026-03-15,202609010804,4R4歳以上障害未勝利11:25障2970m14頭,ヴァランセカズマ,2017105822,単勝,0.1358,0.4604,0.1358,17.5,2026-03-15 10:47,条件B,100,3671,的中,1060,960,43670.0,
2026-03-15,202609010804,4R4歳以上障害未勝利11:25障2970m14頭,スノーリン,2022103588,単勝,0.1288,0.1662,0.1288,70.9,2026-03-15 10:47,条件B,100,5117,ハズレ,0,-100,43570.0,
2026-03-15,202606020604,4R3歳未勝利11:35ダ1800m16頭,アーティラリー,2023105452,単勝,0.4396,0.4329,0.4396,8.6,2026-03-15 10:57,条件A,100,16098,ハズレ,0,-100,43470.0,
2026-03-15,202606020604,4R3歳未勝利11:35ダ1800m16頭,ラショナルポイント,2023105268,単勝,0.4027,0.4025,0.4027,14.0,2026-03-15 10:57,条件B,100,15698,ハズレ,0,-100,43370.0,
2026-03-15,202606020604,4R3歳未勝利11:35ダ1800m16頭,ダイユウアドバンス,2023106308,単勝,0.2629,0.2438,0.2629,81.8,2026-03-15 10:57,条件B,100,11168,ハズレ,0,-100,43270.0,
2026-03-15,202606020604,4R3歳未勝利11:35ダ1800m16頭,ルンベーラ,2023102403,単勝,0.1531,0.2560,0.1531,10.0,2026-03-15 10:57,条件B,100,2597,ハズレ,0,-100,43170.0,
2026-03-15,202606020604,4R3歳未勝利11:35ダ1800m16頭,ライブリピュア,2023102345,単勝,0.1252,0.2715,0.1252,70.1,2026-03-15 10:57,条件B,100,4951,ハズレ,0,-100,43070.0,
2026-03-15,202609010805,5R3歳未勝利12:15芝2000m16頭,クランズクラウン,2023107197,単勝,0.4289,0.6254,0.4289,5.2,2026-03-15 11:37,条件A,100,12891,ハズレ,0,-100,42970.0,
2026-03-15,202609010805,5R3歳未勝利12:15芝2000m16頭,オズマップ,2023107205,単勝,0.3351,0.5361,0.3351,9.7,2026-03-15 11:37,条件A,100,11379,ハズレ,0,-100,42870.0,
2026-03-15,202609010805,5R3歳未勝利12:15芝2000m16頭,シャドウクライ,2023103507,単勝,0.1618,0.3171,0.1618,19.3,2026-03-15 11:37,条件B,100,5106,ハズレ,0,-100,42770.0,
2026-03-15,202606020605,5R3歳未勝利12:25芝2000m18頭,ランブルスコ,2023107013,単勝,0.2905,0.5853,0.2905,3.8,2026-03-15 11:47,条件A,100,1634,ハズレ,0,-100,42670.0,
2026-03-15,202606020605,5R3歳未勝利12:25芝2000m18頭,ソルテソーロ,2023106738,単勝,0.1993,0.3722,0.1993,87.7,2026-03-15 11:47,条件B,100,8364,ハズレ,0,-100,42570.0,
2026-03-15,202606020605,5R3歳未勝利12:25芝2000m18頭,ゴコウコイコイ,2023104486,単勝,0.1206,0.2281,0.1206,18.8,2026-03-15 11:47,条件B,100,3131,ハズレ,0,-100,42470.0,
2026-03-15,202606020605,5R3歳未勝利12:25芝2000m18頭,マイネルリーヒム,2023104485,単勝,0.1157,0.4261,0.1157,18.8,2026-03-15 11:47,条件B,100,2904,ハズレ,0,-100,42370.0,
2026-03-15,202607010206,6R4歳以上1勝クラス12:35ダ1400m16頭,ヒミノエトワール,2022102388,単勝,0.2810,0.5290,0.2810,4.8,2026-03-15 11:57,条件A,100,4038,ハズレ,0,-100,42270.0,
2026-03-15,202607010206,6R4歳以上1勝クラス12:35ダ1400m16頭,アクアマリーナ,2022102026,単勝,0.2702,0.5731,0.2702,7.0,2026-03-15 11:57,条件A,100,6537,的中,830,730,43000.0,
2026-03-15,202609010806,6R3歳1勝クラス12:45芝1600m11頭,マウンテンバローズ,2023100942,単勝,0.5525,0.5527,0.5525,9.7,2026-03-15 12:07,条件A,100,22000,ハズレ,0,-100,42900.0,
2026-03-15,202609010806,6R3歳1勝クラス12:45芝1600m11頭,フロムレイブン,2023103836,単勝,0.3099,0.3595,0.3099,7.9,2026-03-15 12:07,条件A,100,9233,ハズレ,0,-100,42800.0,
2026-03-15,202609010806,6R3歳1勝クラス12:45芝1600m11頭,エイシンティザー,2023105516,単勝,0.1506,0.3200,0.1506,10.5,2026-03-15 12:07,条件B,100,2692,ハズレ,0,-100,42700.0,
2026-03-15,202609010806,6R3歳1勝クラス12:45芝1600m11頭,シーミハットク,2023103532,単勝,0.1042,0.3159,0.1042,14.3,2026-03-15 12:07,条件B,100,1622,的中,1820,1720,44420.0,
2026-03-15,202606020606,6R4歳以上1勝クラス12:55ダ1800m16頭,タイキインドラ,2022103149,単勝,0.2837,0.3421,0.2837,10.1,2026-03-15 12:17,条件B,100,9022,ハズレ,0,-100,44320.0,
2026-03-15,202606020606,6R4歳以上1勝クラス12:55ダ1800m16頭,ブルーユンチェリー,2022103011,単勝,0.2142,0.1557,0.2142,67.1,2026-03-15 12:17,条件B,100,8900,ハズレ,0,-100,44220.0,
2026-03-15,202606020606,6R4歳以上1勝クラス12:55ダ1800m16頭,ブリスキー,2020103389,単勝,0.1744,0.2636,0.1744,12.9,2026-03-15 12:17,条件B,100,4622,ハズレ,0,-100,44120.0,
2026-03-15,202606020606,6R4歳以上1勝クラス12:55ダ1800m16頭,イスタンテ,2021110115,単勝,0.1548,0.1963,0.1548,11.1,2026-03-15 12:17,条件B,100,3131,ハズレ,0,-100,44020.0,
2026-03-15,202607010207,7R4歳以上1勝クラス13:05ダ1800m15頭,カレンラップスター,2022104723,単勝,0.1335,0.3057,0.1335,19.5,2026-03-15 12:27,条件B,100,3815,ハズレ,0,-100,43920.0,
2026-03-15,202607010207,7R4歳以上1勝クラス13:05ダ1800m15頭,ガーデンカメリア,2021110139,単勝,0.1207,0.1515,0.1207,39.0,2026-03-15 12:27,条件B,100,4291,ハズレ,0,-100,43820.0,
2026-03-15,202607010207,7R4歳以上1勝クラス13:05ダ1800m15頭,メイショウコウベ,2022105940,単勝,0.1184,0.2590,0.1184,14.6,2026-03-15 12:27,条件B,100,2358,ハズレ,0,-100,43720.0,
2026-03-15,202607010207,7R4歳以上1勝クラス13:05ダ1800m15頭,エイカイボクサー,2021105298,単勝,0.1103,0.1404,0.1103,46.6,2026-03-15 12:27,条件B,100,3994,ハズレ,0,-100,43620.0,
2026-03-15,202609010807,7R4歳以上1勝クラス13:15芝1600m13頭,エーデルヴェーグ,2022104647,単勝,0.2534,0.4359,0.2534,3.1,2026-03-15 12:37,条件A,100,0,ハズレ,0,-100,43520.0,
2026-03-15,202609010807,7R4歳以上1勝クラス13:15芝1600m13頭,ダイシンラー,2022101562,単勝,0.2247,0.3162,0.2247,13.1,2026-03-15 12:37,条件B,100,7065,ハズレ,0,-100,43420.0,
2026-03-15,202606020607,7R3歳1勝クラス13:25芝1200m15頭,ホウオウヘッセン,2023102440,単勝,0.2165,0.3720,0.2165,13.0,2026-03-15 12:47,条件B,100,6655,ハズレ,0,-100,43320.0,
2026-03-15,202606020607,7R3歳1勝クラス13:25芝1200m15頭,ニルマーネル,2023107231,単勝,0.1074,0.3128,0.1074,14.3,2026-03-15 12:47,条件B,100,1773,ハズレ,0,-100,43220.0,
2026-03-15,202609010808,8R4歳以上2勝クラス13:45ダ1800m11頭,タガノアニマシオン,2022106564,単勝,0.4764,0.4920,0.4764,5.8,2026-03-15 13:07,条件A,100,16163,ハズレ,0,-100,43120.0,
2026-03-15,202609010808,8R4歳以上2勝クラス13:45ダ1800m11頭,ストップヤーニング,2022107306,単勝,0.2061,0.5221,0.2061,3.0,2026-03-15 13:07,条件A,100,0,ハズレ,0,-100,43020.0,
2026-03-15,202606020608,8R4歳以上2勝クラス13:55芝1600m10頭,ダノンミッション,2022105478,単勝,0.5519,0.5528,0.5519,4.8,2026-03-15 13:17,条件A,100,19093,ハズレ,0,-100,42920.0,
2026-03-15,202606020608,8R4歳以上2勝クラス13:55芝1600m10頭,シャンパンマーク,2021105252,単勝,0.3783,0.4179,0.3783,29.4,2026-03-15 13:17,条件B,100,15682,ハズレ,0,-100,42820.0,
2026-03-15,202606020608,8R4歳以上2勝クラス13:55芝1600m10頭,ツルマウカタチ,2021102106,単勝,0.2007,0.5750,0.2007,19.6,2026-03-15 13:17,条件B,100,6939,ハズレ,0,-100,42720.0,
2026-03-15,202606020608,8R4歳以上2勝クラス13:55芝1600m10頭,ヴェナートル,2022101469,単勝,0.1104,0.1655,0.1104,77.6,2026-03-15 13:17,条件B,100,4347,ハズレ,0,-100,42620.0,
2026-03-15,202607010209,9R伊良湖特別14:05ダ1200m16頭,ハリーケーン,2022106453,単勝,0.3095,0.4137,0.3095,5.2,2026-03-15 13:27,条件A,100,6386,ハズレ,0,-100,42520.0,
2026-03-15,202607010209,9R伊良湖特別14:05ダ1200m16頭,ザウリ,2019101399,単勝,0.1020,0.2991,0.1020,15.5,2026-03-15 13:27,条件B,100,1761,ハズレ,0,-100,42420.0,
2026-03-15,202609010809,9Rゆきやなぎ賞14:15芝2400m7頭,キシダンチョウ,2023106960,単勝,0.6713,0.7054,0.6713,3.9,2026-03-15 13:37,条件A,100,22000,ハズレ,0,-100,42320.0,
2026-03-15,202609010809,9Rゆきやなぎ賞14:15芝2400m7頭,シャドウマスター,2023103423,単勝,0.3051,0.4684,0.3051,3.6,2026-03-15 13:37,条件A,100,1666,的中,250,150,42470.0,
2026-03-15,202606020609,9R阿見特別14:25ダ2400m11頭,ロングウェイホーム,2022101634,単勝,0.3139,0.3764,0.3139,8.4,2026-03-15 13:47,条件A,100,9732,的中,1160,1060,43530.0,
2026-03-15,202606020609,9R阿見特別14:25ダ2400m11頭,キャストロププ,2022100749,単勝,0.3064,0.4599,0.3064,8.9,2026-03-15 13:47,条件A,100,9617,ハズレ,0,-100,43430.0,
2026-03-15,202606020609,9R阿見特別14:25ダ2400m11頭,オオタチ,2022101234,単勝,0.2291,0.4152,0.2291,4.4,2026-03-15 13:47,条件A,100,103,ハズレ,0,-100,43330.0,
2026-03-15,202606020609,9R阿見特別14:25ダ2400m11頭,サトノシュトラーセ,2021104810,単勝,0.2193,0.3528,0.2193,10.4,2026-03-15 13:47,条件B,100,5995,ハズレ,0,-100,43230.0,
2026-03-15,202607010210,10R昇竜S14:40ダ1400m12頭,ホウショウルクス,2023106298,単勝,0.4256,0.4688,0.4256,61.4,2026-03-15 14:02,条件B,100,18307,ハズレ,0,-100,43130.0,
2026-03-15,202607010210,10R昇竜S14:40ダ1400m12頭,ゼンカイナダル,2023100267,単勝,0.3999,0.4159,0.3999,5.7,2026-03-15 14:02,条件A,100,11979,ハズレ,0,-100,43030.0,
2026-03-15,202607010210,10R昇竜S14:40ダ1400m12頭,スマートジュリアス,2023101452,単勝,0.2315,0.5147,0.2315,7.0,2026-03-15 14:02,条件A,100,4551,的中,860,760,43790.0,
2026-03-15,202607010210,10R昇竜S14:40ダ1400m12頭,ライトオブヌカタ,2023103087,単勝,0.2260,0.4863,0.2260,10.2,2026-03-15 14:02,条件B,100,6243,ハズレ,0,-100,43690.0,
2026-03-15,202607010210,10R昇竜S14:40ダ1400m12頭,ナルキッソス,2023110085,単勝,0.1491,0.4606,0.1491,23.0,2026-03-15 14:02,条件B,100,4857,ハズレ,0,-100,43590.0,
2026-03-15,202607010210,10R昇竜S14:40ダ1400m12頭,アルデトップガン,2023105106,単勝,0.1220,0.3975,0.1220,18.3,2026-03-15 14:02,条件B,100,3133,ハズレ,0,-100,43490.0,
2026-03-15,202609010810,10R甲南S14:50ダ1800m14頭,テーオーダグラス,2021102246,単勝,0.2924,0.4380,0.2924,15.8,2026-03-15 14:12,条件B,100,10761,ハズレ,0,-100,43390.0,
2026-03-15,202609010810,10R甲南S14:50ダ1800m14頭,フラムリンガム,2021104910,単勝,0.1232,0.2583,0.1232,34.9,2026-03-15 14:12,条件B,100,4284,ハズレ,0,-100,43290.0,
2026-03-15,202606020610,10R東風S15:00芝1600m16頭,ジョイフルニュース,2022105369,単勝,0.6719,0.5549,0.6719,2.7,2026-03-15 14:22,条件A,100,21070,ハズレ,0,-100,43190.0,
2026-03-15,202606020610,10R東風S15:00芝1600m16頭,ヴァルキリーバース,2022104764,単勝,0.3969,0.5963,0.3969,7.3,2026-03-15 14:22,条件A,100,13250,的中,780,680,43870.0,
2026-03-15,202606020610,10R東風S15:00芝1600m16頭,アルビージャ,2018104913,単勝,0.1631,0.2148,0.1631,63.8,2026-03-15 14:22,条件B,100,6589,ハズレ,0,-100,43770.0,
2026-03-15,202606020610,10R東風S15:00芝1600m16頭,ランフォーヴァウ,2022105291,単勝,0.1295,0.4026,0.1295,24.9,2026-03-15 14:22,条件B,100,4097,ハズレ,0,-100,43670.0,
2026-03-15,202607010211,11R金鯱賞15:15芝2000m14頭,ドゥラドーレス,2019105556,単勝,0.2819,0.4962,0.2819,6.3,2026-03-15 14:37,条件A,100,6443,ハズレ,0,-100,43570.0,
2026-03-15,202609010811,11R米子城S15:30芝1200m16頭,メイショウソラフネ,2019103714,単勝,0.1012,0.2964,0.1012,14.8,2026-03-15 14:52,条件B,100,1589,ハズレ,0,-100,43470.0,
2026-03-15,202606020611,11RスプリングS15:45芝1800m16頭,テルヒコウ,2023100627,単勝,0.3672,0.4937,0.3672,18.8,2026-03-15 15:07,条件B,100,14593,ハズレ,0,-100,43370.0,
2026-03-15,202606020611,11RスプリングS15:45芝1800m16頭,フレイムスター,2023101577,単勝,0.2194,0.3877,0.2194,181.9,2026-03-15 15:07,条件B,100,9466,ハズレ,0,-100,43270.0,
2026-03-15,202606020611,11RスプリングS15:45芝1800m16頭,タイキルッジェーロ,2023102178,単勝,0.1925,0.2750,0.1925,56.6,2026-03-15 15:07,条件B,100,7830,ハズレ,0,-100,43170.0,
2026-03-15,202606020611,11RスプリングS15:45芝1800m16頭,ジーネキング,2023104885,単勝,0.1142,0.4301,0.1142,55.7,2026-03-15 15:07,条件B,100,4310,ハズレ,0,-100,43070.0,
2026-03-15,202606020611,11RスプリングS15:45芝1800m16頭,マイネルシンベリン,2023100207,単勝,0.1075,0.3691,0.1075,62.2,2026-03-15 15:07,条件B,100,4089,ハズレ,0,-100,42970.0,
2026-03-15,202607010212,12R4歳以上1勝クラス16:00芝1200m18頭,ヴェントゥーラ,2022104186,単勝,0.3333,0.3546,0.3333,5.9,2026-03-15 15:22,条件A,100,8681,的中,430,330,43300.0,
2026-03-15,202607010212,12R4歳以上1勝クラス16:00芝1200m18頭,アンバーニードル,2021100594,単勝,0.1146,0.2288,0.1146,11.6,2026-03-15 15:22,条件B,100,1369,ハズレ,0,-100,43200.0,
2026-03-15,202609010812,12R4歳以上2勝クラス16:10ダ1400m13頭,スニーカースキル,2022105964,単勝,0.5883,0.5541,0.5883,9.9,2026-03-15 15:32,条件A,100,22000,的中,750,650,43850.0,
2026-03-15,202609010812,12R4歳以上2勝クラス16:10ダ1400m13頭,モーニングマジック,2022106639,単勝,0.3074,0.4471,0.3074,4.0,2026-03-15 15:32,条件A,100,3365,ハズレ,0,-100,43750.0,
2026-03-15,202606020612,12R4歳以上1勝クラス16:25ダ1200m16頭,スノークルーズ,2022104699,単勝,0.2859,0.2250,0.2859,79.9,2026-03-15 15:47,条件B,100,12179,ハズレ,0,-100,43650.0,
2026-03-15,202606020612,12R4歳以上1勝クラス16:25ダ1200m16頭,ホウオウショコラ,2022101108,単勝,0.2240,0.1902,0.2240,2.9,2026-03-15 15:47,条件A,100,0,ハズレ,0,-100,43550.0,
2026-03-15,202606020612,12R4歳以上1勝クラス16:25ダ1200m16頭,イラーナ,2021107166,単勝,0.1980,0.3114,0.1980,24.1,2026-03-15 15:47,条件B,100,7183,ハズレ,0,-100,43450.0,
2026-03-21,202607010301,1R3歳未勝利09:45ダ1800m13頭,ハイロード,2023102761,単勝,0.2291,0.3468,0.2291,10.1,2026-03-21 09:07,条件B,100,6276,ハズレ,0,-100,43350.0,
2026-03-21,202607010301,1R3歳未勝利09:45ダ1800m13頭,コンテナヒーロー,2023103682,単勝,0.2075,0.4862,0.2075,21.6,2026-03-21 09:07,条件B,100,7345,ハズレ,0,-100,43250.0,
2026-03-21,202607010301,1R3歳未勝利09:45ダ1800m13頭,バンブラボー,2023104922,単勝,0.1417,0.3016,0.1417,74.9,2026-03-21 09:07,条件B,100,5652,ハズレ,0,-100,43150.0,
2026-03-21,202607010301,1R3歳未勝利09:45ダ1800m13頭,サンライズジャッジ,2023101574,単勝,0.1193,0.1201,0.1193,20.1,2026-03-21 09:07,条件B,100,3180,ハズレ,0,-100,43050.0,
2026-03-21,202609010901,1R3歳未勝利09:50ダ1800m10頭,ミルボナー,2023106217,単勝,0.4733,0.6931,0.4733,2.5,2026-03-21 09:12,条件A,100,5306,ハズレ,0,-100,42950.0,
2026-03-21,202609010901,1R3歳未勝利09:50ダ1800m10頭,ストリートクイーン,2023101091,単勝,0.4312,0.5197,0.4312,3.3,2026-03-21 09:12,条件A,100,7990,ハズレ,0,-100,42850.0,
2026-03-21,202609010901,1R3歳未勝利09:50ダ1800m10頭,クレマチス,2023104393,単勝,0.2422,0.5438,0.2422,4.9,2026-03-21 09:12,条件A,100,2081,的中,310,210,43060.0,
2026-03-21,202609010901,1R3歳未勝利09:50ダ1800m10頭,ワンインザスカイ,2023105120,単勝,0.1115,0.2614,0.1115,27.7,2026-03-21 09:12,条件B,100,3398,ハズレ,0,-100,42960.0,
2026-03-21,202607010302,2R3歳未勝利10:10ダ1200m16頭,スノーランス,2023103693,単勝,0.3788,0.5712,0.3788,4.1,2026-03-21 09:32,条件A,100,7754,ハズレ,0,-100,42860.0,
2026-03-21,202607010302,2R3歳未勝利10:10ダ1200m16頭,ムルーデ,2023106191,単勝,0.1402,0.3116,0.1402,16.6,2026-03-21 09:32,条件B,100,3695,ハズレ,0,-100,42760.0,
2026-03-21,202607010302,2R3歳未勝利10:10ダ1200m16頭,トゥレイス,2023102394,単勝,0.1286,0.1676,0.1286,16.8,2026-03-21 09:32,条件B,100,3189,ハズレ,0,-100,42660.0,
2026-03-21,202609010902,2R3歳未勝利10:20ダ1200m13頭,エナクローム,2023100850,単勝,0.1762,0.3648,0.1762,107.2,2026-03-21 09:42,条件B,100,7321,ハズレ,0,-100,42560.0,
2026-03-21,202606020702,2R3歳未勝利10:35ダ1800m12頭,スカイレックス,2023106646,単勝,0.2427,0.5118,0.2427,2.4,2026-03-21 09:57,条件A,100,0,的中,250,150,42710.0,
2026-03-21,202606020702,2R3歳未勝利10:35ダ1800m12頭,ランブレイ,2023101651,単勝,0.1113,0.1034,0.1113,13.5,2026-03-21 09:57,条件B,100,1748,ハズレ,0,-100,42610.0,
2026-03-21,202607010303,3R3歳未勝利10:40ダ1900m13頭,メイショウジンライ,2023103152,単勝,0.2416,0.3579,0.2416,5.2,2026-03-21 10:02,条件A,100,2653,ハズレ,0,-100,42510.0,
2026-03-21,202607010303,3R3歳未勝利10:40ダ1900m13頭,レッドホット,2023104395,単勝,0.2103,0.2902,0.2103,8.5,2026-03-21 10:02,条件A,100,4563,ハズレ,0,-100,42410.0,
2026-03-21,202607010303,3R3歳未勝利10:40ダ1900m13頭,ゴーレジェンド,2023100404,単勝,0.1945,0.3282,0.1945,59.5,2026-03-21 10:02,条件B,100,7855,ハズレ,0,-100,42310.0,
2026-03-21,202607010303,3R3歳未勝利10:40ダ1900m13頭,ピースビート,2023103098,単勝,0.1385,0.3560,0.1385,31.7,2026-03-21 10:02,条件B,100,4797,ハズレ,0,-100,42210.0,
2026-03-21,202609010903,3R3歳未勝利10:50ダ2000m10頭,ブラックパロット,2023107307,単勝,0.6463,0.5994,0.6463,17.6,2026-03-21 10:12,条件B,100,21725,ハズレ,0,-100,42110.0,
2026-03-21,202609010903,3R3歳未勝利10:50ダ2000m10頭,ハイドパーク,2023104100,単勝,0.4163,0.5247,0.4163,7.5,2026-03-21 10:12,条件A,100,14185,ハズレ,0,-100,42010.0,
2026-03-21,202609010903,3R3歳未勝利10:50ダ2000m10頭,フィサブロス,2023100230,単勝,0.3956,0.6402,0.3956,7.6,2026-03-21 10:12,条件A,100,13211,ハズレ,0,-100,41910.0,
2026-03-21,202609010903,3R3歳未勝利10:50ダ2000m10頭,ドンテスタマスター,2023105789,単勝,0.3663,0.5729,0.3663,2.3,2026-03-21 10:12,条件A,100,0,ハズレ,0,-100,41810.0,
2026-03-21,202609010903,3R3歳未勝利10:50ダ2000m10頭,リオンサーガ,2023101586,単勝,0.1409,0.2185,0.1409,65.3,2026-03-21 10:12,条件B,100,5541,ハズレ,0,-100,41710.0,
2026-03-21,202606020703,3R3歳未勝利11:05ダ1200m16頭,コウソクルリアン,2023102674,単勝,0.5124,0.4314,0.5124,5.6,2026-03-21 10:27,条件A,100,17660,ハズレ,0,-100,41610.0,
2026-03-21,202606020703,3R3歳未勝利11:05ダ1200m16頭,フィールマイプラン,2023103860,単勝,0.3103,0.4806,0.3103,8.5,2026-03-21 10:27,条件A,100,9487,ハズレ,0,-100,41510.0,
2026-03-21,202606020703,3R3歳未勝利11:05ダ1200m16頭,ソニックブレイカー,2023100955,単勝,0.2010,0.2607,0.2010,17.9,2026-03-21 10:27,条件B,100,6678,ハズレ,0,-100,41410.0,
2026-03-21,202607010304,4R3歳未勝利11:10芝2000m18頭,ルクスキャンディ,2023102221,単勝,0.2061,0.3391,0.2061,19.2,2026-03-21 10:32,条件B,100,7060,ハズレ,0,-100,41310.0,
2026-03-21,202607010304,4R3歳未勝利11:10芝2000m18頭,スウィーティーベル,2023100938,単勝,0.1866,0.2919,0.1866,36.8,2026-03-21 10:32,条件B,100,7121,ハズレ,0,-100,41210.0,
2026-03-21,202607010304,4R3歳未勝利11:10芝2000m18頭,ハナコトバ,2023102984,単勝,0.1413,0.3682,0.1413,12.3,2026-03-21 10:32,条件B,100,2836,ハズレ,0,-100,41110.0,
2026-03-21,202607010304,4R3歳未勝利11:10芝2000m18頭,リアル,2023100745,単勝,0.1074,0.2337,0.1074,20.2,2026-03-21 10:32,条件B,100,2645,ハズレ,0,-100,41010.0,
2026-03-21,202609010904,4R3歳未勝利11:20ダ1400m15頭,ポッドリプル,2023105593,単勝,0.2152,0.4897,0.2152,2.5,2026-03-21 10:42,条件A,100,0,的中,190,90,41100.0,
2026-03-21,202609010904,4R3歳未勝利11:20ダ1400m15頭,プリンセスアツコ,2023104046,単勝,0.2150,0.3462,0.2150,6.1,2026-03-21 10:42,条件A,100,2653,ハズレ,0,-100,41000.0,
2026-03-21,202609010904,4R3歳未勝利11:20ダ1400m15頭,マスターストーン,2023100927,単勝,0.1393,0.1741,0.1393,23.6,2026-03-21 10:42,条件B,100,4396,ハズレ,0,-100,40900.0,
2026-03-21,202607010305,5R3歳未勝利12:00芝2000m18頭,カゲムシャ,2023106684,単勝,0.1553,0.1490,0.1553,20.5,2026-03-21 11:22,条件B,100,4865,ハズレ,0,-100,40800.0,
2026-03-21,202609010905,5R3歳未勝利12:10芝1600m18頭,ソルトアイリス,2023104169,単勝,0.4181,0.6708,0.4181,7.5,2026-03-21 11:32,条件A,100,14276,ハズレ,0,-100,40700.0,
2026-03-21,202609010905,5R3歳未勝利12:10芝1600m18頭,タイムレスフレアー,2023103795,単勝,0.2706,0.5368,0.2706,4.6,2026-03-21 11:32,条件A,100,2954,ハズレ,0,-100,40600.0,
2026-03-21,202609010905,5R3歳未勝利12:10芝1600m18頭,ダノンステート,2023105024,単勝,0.2644,0.4173,0.2644,11.6,2026-03-21 11:32,条件B,100,8473,ハズレ,0,-100,40500.0,
2026-03-21,202609010905,5R3歳未勝利12:10芝1600m18頭,フェルギナス,2023103376,単勝,0.2452,0.6021,0.2452,5.0,2026-03-21 11:32,条件A,100,2456,ハズレ,0,-100,40400.0,
2026-03-21,202609010905,5R3歳未勝利12:10芝1600m18頭,テイエムアイラン,2023100448,単勝,0.1483,0.2210,0.1483,10.0,2026-03-21 11:32,条件B,100,2333,的中,1060,960,41360.0,
2026-03-21,202606020705,5R3歳未勝利12:25芝2200m13頭,エーデルゼーレ,2023103370,単勝,0.5551,0.5645,0.5551,3.9,2026-03-21 11:47,条件A,100,17454,的中,250,150,41510.0,
2026-03-21,202609010906,6R3歳1勝クラス12:40ダ1400m16頭,ケブランリ,2023107382,単勝,0.3795,0.4820,0.3795,18.9,2026-03-21 12:02,条件B,100,14983,的中,2020,1920,43430.0,
2026-03-21,202609010906,6R3歳1勝クラス12:40ダ1400m16頭,ベネサルート,2023106833,単勝,0.3499,0.4476,0.3499,5.2,2026-03-21 12:02,条件A,100,8480,ハズレ,0,-100,43330.0,
2026-03-21,202609010906,6R3歳1勝クラス12:40ダ1400m16頭,エブリデイ,2023102902,単勝,0.1128,0.1985,0.1128,34.2,2026-03-21 12:02,条件B,100,3738,ハズレ,0,-100,43230.0,
2026-03-21,202609010906,6R3歳1勝クラス12:40ダ1400m16頭,ベルフラム,2023106107,単勝,0.1030,0.1750,0.1030,29.8,2026-03-21 12:02,条件B,100,3122,ハズレ,0,-100,43130.0,
2026-03-21,202606020706,6R3歳1勝クラス12:55芝1600m13頭,ジーティーシンドウ,2023102083,単勝,0.3253,0.5593,0.3253,4.6,2026-03-21 12:17,条件A,100,5989,ハズレ,0,-100,43030.0,
2026-03-21,202606020706,6R3歳1勝クラス12:55芝1600m13頭,スタートレイン,2023103146,単勝,0.3156,0.3940,0.3156,22.5,2026-03-21 12:17,条件B,100,12328,ハズレ,0,-100,42930.0,
2026-03-21,202606020706,6R3歳1勝クラス12:55芝1600m13頭,スペルーチェ,2023107352,単勝,0.2059,0.5480,0.2059,2.1,2026-03-21 12:17,条件A,100,0,的中,170,70,43000.0,
2026-03-21,202607010307,7R4歳以上1勝クラス13:00ダ1400m16頭,プロスペクトパーク,2022105548,単勝,0.2667,0.3461,0.2667,19.2,2026-03-21 12:22,条件B,100,9839,ハズレ,0,-100,42900.0,
2026-03-21,202607010307,7R4歳以上1勝クラス13:00ダ1400m16頭,インディゴ,2022101062,単勝,0.1913,0.4792,0.1913,19.3,2026-03-21 12:22,条件B,100,6393,ハズレ,0,-100,42800.0,
2026-03-21,202607010307,7R4歳以上1勝クラス13:00ダ1400m16頭,メイショウサトノヒ,2022103634,単勝,0.1637,0.2225,0.1637,20.3,2026-03-21 12:22,条件B,100,5229,ハズレ,0,-100,42700.0,
2026-03-21,202609010907,7R4歳以上1勝クラス13:10ダ1800m11頭,ウィンターガーデン,2021105857,単勝,0.2351,0.2458,0.2351,6.4,2026-03-21 12:32,条件A,100,4060,ハズレ,0,-100,42600.0,
2026-03-21,202609010907,7R4歳以上1勝クラス13:10ダ1800m11頭,ツーピース,2022103448,単勝,0.1986,0.1370,0.1986,17.4,2026-03-21 12:32,条件B,100,6504,ハズレ,0,-100,42500.0,
2026-03-21,202606020707,7R4歳以上1勝クラス13:25ダ2400m16頭,クラリティー,2022101404,単勝,0.4788,0.4106,0.4788,16.8,2026-03-21 12:47,条件B,100,19370,ハズレ,0,-100,42400.0,
2026-03-21,202606020707,7R4歳以上1勝クラス13:25ダ2400m16頭,ミラクルブルー,2022103587,単勝,0.1608,0.3078,0.1608,17.3,2026-03-21 12:47,条件B,100,4751,ハズレ,0,-100,42300.0,
2026-03-21,202607010308,8R4歳以上1勝クラス13:35芝2000m13頭,ディアボリカドンナ,2022104587,単勝,0.2960,0.3751,0.2960,13.8,2026-03-21 12:57,条件B,100,10474,ハズレ,0,-100,42200.0,
2026-03-21,202609010908,8R4歳以上2勝クラス13:45ダ1800m12頭,グレイルクエスト,2022105473,単勝,0.3683,0.5084,0.3683,13.6,2026-03-21 13:07,条件B,100,13825,ハズレ,0,-100,42100.0,
2026-03-21,202609010908,8R4歳以上2勝クラス13:45ダ1800m12頭,ブルックリンダンス,2022105791,単勝,0.3426,0.4225,0.3426,4.5,2026-03-21 13:07,条件A,100,6726,ハズレ,0,-100,42000.0,
2026-03-21,202607010309,9R岡崎特別14:10芝1400m10頭,ワース,2022104734,単勝,0.4262,0.3738,0.4262,12.4,2026-03-21 13:32,条件B,100,16330,ハズレ,0,-100,41900.0,
2026-03-21,202607010309,9R岡崎特別14:10芝1400m10頭,ホーリーブラッサム,2022103060,単勝,0.2482,0.4416,0.2482,3.5,2026-03-21 13:32,条件A,100,0,ハズレ,0,-100,41800.0,
2026-03-21,202609010909,9R淡路特別14:20芝2600m8頭,サトノソティラス,2022105587,単勝,0.5208,0.4901,0.5208,9.1,2026-03-21 13:42,条件A,100,20056,ハズレ,0,-100,41700.0,
2026-03-21,202609010909,9R淡路特別14:20芝2600m8頭,ゴージョニーゴー,2021105048,単勝,0.4005,0.6003,0.4005,3.5,2026-03-21 13:42,条件A,100,6985,ハズレ,0,-100,41600.0,
2026-03-21,202606020709,9R館山特別14:35芝1800m16頭,コムユンプリュム,2022105318,単勝,0.2312,0.4740,0.2312,7.4,2026-03-21 13:57,条件A,100,4827,ハズレ,0,-100,41500.0,
2026-03-21,202607010310,10R豊明S14:45ダ1400m16頭,オペラプラージュ,2021104784,単勝,0.1726,0.2481,0.1726,72.8,2026-03-21 14:07,条件B,100,7000,ハズレ,0,-100,41400.0,
2026-03-21,202607010310,10R豊明S14:45ダ1400m16頭,セギレエルビエント,2022105832,単勝,0.1309,0.2799,0.1309,12.9,2026-03-21 14:07,条件B,100,2513,ハズレ,0,-100,41300.0,
2026-03-21,202607010310,10R豊明S14:45ダ1400m16頭,ルージュスタニング,2021105775,単勝,0.1264,0.1238,0.1264,23.9,2026-03-21 14:07,条件B,100,3835,ハズレ,0,-100,41200.0,
2026-03-21,202607010310,10R豊明S14:45ダ1400m16頭,スリリングチェイス,2020103407,単勝,0.1013,0.2059,0.1013,40.5,2026-03-21 14:07,条件B,100,3413,ハズレ,0,-100,41100.0,
2026-03-21,202607010310,10R豊明S14:45ダ1400m16頭,ノボリショウリュウ,2021102718,単勝,0.1008,0.3195,0.1008,14.7,2026-03-21 14:07,条件B,100,1527,ハズレ,0,-100,41000.0,
2026-03-21,202609010910,10R淀屋橋S14:55芝1200m16頭,バンドシェル,2021102461,単勝,0.2173,0.4062,0.2173,6.2,2026-03-21 14:17,条件A,100,2902,ハズレ,0,-100,40900.0,
2026-03-21,202606020710,10R韓国馬事会杯15:10ダ1800m13頭,エリカサファイア,2021103732,単勝,0.2567,0.2394,0.2567,7.0,2026-03-21 14:32,条件A,100,5770,ハズレ,0,-100,40800.0,
2026-03-21,202606020710,10R韓国馬事会杯15:10ダ1800m13頭,ルージュアベリア,2021105058,単勝,0.2197,0.5852,0.2197,3.6,2026-03-21 14:32,条件A,100,0,的中,440,340,41140.0,
2026-03-21,202607010311,11RファルコンS15:20芝1400m17頭,フクチャンショウ,2023103418,単勝,0.1703,0.4397,0.1703,10.7,2026-03-21 14:42,条件B,100,3684,ハズレ,0,-100,41040.0,
2026-03-21,202607010311,11RファルコンS15:20芝1400m17頭,プリンセスモコ,2023107520,単勝,0.1420,0.4483,0.1420,23.3,2026-03-21 14:42,条件B,100,4499,ハズレ,0,-100,40940.0,
2026-03-21,202607010311,11RファルコンS15:20芝1400m17頭,テルヴィセクス,2023104355,単勝,0.1330,0.3618,0.1330,59.3,2026-03-21 14:42,条件B,100,5134,ハズレ,0,-100,40840.0,
2026-03-21,202607010311,11RファルコンS15:20芝1400m17頭,タガノアラリア,2023104313,単勝,0.1304,0.1778,0.1304,11.0,2026-03-21 14:42,条件B,100,1886,ハズレ,0,-100,40740.0,
2026-03-21,202609010911,11R若葉S15:30芝2000m12頭,サヴォアフェール,2023105645,単勝,0.5106,0.5755,0.5106,8.0,2026-03-21 14:52,条件A,100,19147,ハズレ,0,-100,40640.0,
2026-03-21,202609010911,11R若葉S15:30芝2000m12頭,ロードフィレール,2023105818,単勝,0.4254,0.5181,0.4254,8.3,2026-03-21 14:52,条件A,100,15063,ハズレ,0,-100,40540.0,
2026-03-21,202609010911,11R若葉S15:30芝2000m12頭,マテンロウゲイル,2023100946,単勝,0.2855,0.4822,0.2855,2.6,2026-03-21 14:52,条件A,100,0,的中,210,110,40650.0,
2026-03-21,202609010911,11R若葉S15:30芝2000m12頭,コロナドブリッジ,2023107368,単勝,0.2714,0.4730,0.2714,9.2,2026-03-21 14:52,条件A,100,7930,ハズレ,0,-100,40550.0,
2026-03-21,202606020711,11RフラワーC15:45芝1800m16頭,クリスレジーナ,2023102091,単勝,0.3988,0.4425,0.3988,18.4,2026-03-21 15:07,条件B,100,15827,ハズレ,0,-100,40450.0,
2026-03-21,202606020711,11RフラワーC15:45芝1800m16頭,アメティスタ,2023105807,単勝,0.2625,0.4159,0.2625,6.7,2026-03-21 15:07,条件A,100,5784,ハズレ,0,-100,40350.0,
2026-03-21,202606020711,11RフラワーC15:45芝1800m16頭,エアビーアゲイル,2023103342,単勝,0.1672,0.4073,0.1672,13.3,2026-03-21 15:07,条件B,100,4323,ハズレ,0,-100,40250.0,
2026-03-21,202606020711,11RフラワーC15:45芝1800m16頭,ロンギングセリーヌ,2023105246,単勝,0.1461,0.3574,0.1461,39.7,2026-03-21 15:07,条件B,100,5391,ハズレ,0,-100,40150.0,
2026-03-21,202606020711,11RフラワーC15:45芝1800m16頭,バースデイフライト,2023102906,単勝,0.1181,0.2906,0.1181,68.1,2026-03-21 15:07,条件B,100,4562,ハズレ,0,-100,40050.0,
2026-03-21,202606020711,11RフラワーC15:45芝1800m16頭,ヴィスコンテッサ,2023107244,単勝,0.1117,0.2818,0.1117,22.6,2026-03-21 15:07,条件B,100,3065,ハズレ,0,-100,39950.0,
2026-03-21,202607010312,12R4歳以上1勝クラス16:00芝1600m14頭,ドルビナ,2022103394,単勝,0.1059,0.1252,0.1059,12.5,2026-03-21 15:22,条件B,100,1225,ハズレ,0,-100,39850.0,
2026-03-21,202609010912,12R4歳以上1勝クラス16:10ダ1200m15頭,アルバニー,2021105715,単勝,0.1690,0.4683,0.1690,12.0,2026-03-21 15:32,条件B,100,4061,ハズレ,0,-100,39750.0,
2026-03-21,202609010912,12R4歳以上1勝クラス16:10ダ1200m15頭,キャンドルマス,2021101624,単勝,0.1289,0.2766,0.1289,17.9,2026-03-21 15:32,条件B,100,3360,ハズレ,0,-100,39650.0,
2026-03-21,202609010912,12R4歳以上1勝クラス16:10ダ1200m15頭,バトンロード,2022103285,単勝,0.1003,0.1407,0.1003,69.1,2026-03-21 15:32,条件B,100,3782,ハズレ,0,-100,39550.0,
2026-03-21,202606020712,12R4歳以上1勝クラス16:25ダ1200m16頭,ハーモニーソング,2022104440,単勝,0.2341,0.2367,0.2341,9.1,2026-03-21 15:47,条件A,100,6065,ハズレ,0,-100,39450.0,
2026-03-21,202606020712,12R4歳以上1勝クラス16:25ダ1200m16頭,エンジェルラダー,2022110064,単勝,0.1694,0.1371,0.1694,15.0,2026-03-21 15:47,条件B,100,4783,ハズレ,0,-100,39350.0,
2026-03-21,202606020712,12R4歳以上1勝クラス16:25ダ1200m16頭,シルバードン,2022101987,単勝,0.1295,0.2365,0.1295,40.4,2026-03-21 15:47,条件B,100,4668,ハズレ,0,-100,39250.0,
2026-03-21,202606020712,12R4歳以上1勝クラス16:25ダ1200m16頭,サイモンプレジール,2021102798,単勝,0.1179,0.2207,0.1179,54.7,2026-03-21 15:47,条件B,100,4410,ハズレ,0,-100,39150.0,
2026-03-22,202607010401,1R3歳未勝利09:45ダ1800m14頭,ライヴマルガリータ,2023101046,単勝,0.1382,0.1189,0.1382,17.7,2026-03-22 09:07,条件B,100,3389,ハズレ,0,-100,39050.0,
2026-03-22,202607010401,1R3歳未勝利09:45ダ1800m14頭,レステダンルヴァン,2023103735,単勝,0.1096,0.1790,0.1096,11.0,2026-03-22 09:07,条件B,100,806,ハズレ,0,-100,38950.0,
2026-03-22,202606020801,1R3歳未勝利09:55ダ1200m16頭,ヘルヴィッツ,2023100534,単勝,0.3923,0.4368,0.3923,14.8,2026-03-22 09:17,条件B,100,13634,ハズレ,0,-100,38850.0,
2026-03-22,202609011001,1R3歳未勝利10:05ダ1400m14頭,ワイルドチャーム,2023105350,単勝,0.2114,0.3281,0.2114,9.7,2026-03-22 09:27,条件A,100,4729,ハズレ,0,-100,38750.0,
2026-03-22,202609011001,1R3歳未勝利10:05ダ1400m14頭,エバーウインド,2023103352,単勝,0.1016,0.2539,0.1016,32.5,2026-03-22 09:27,条件B,100,2863,ハズレ,0,-100,38650.0,
2026-03-22,202607010402,2R3歳未勝利10:15ダ1400m16頭,ショウナンバーボン,2023106620,単勝,0.1579,0.2689,0.1579,15.0,2026-03-22 09:37,条件B,100,3827,ハズレ,0,-100,38550.0,
2026-03-22,202606020802,2R3歳未勝利10:25ダ1800m15頭,イーグルロック,2023106954,単勝,0.4875,0.5998,0.4875,4.9,2026-03-22 09:47,条件A,100,13942,的中,340,240,38790.0,
2026-03-22,202606020802,2R3歳未勝利10:25ダ1800m15頭,ブッチギレ,2023104671,単勝,0.2183,0.3085,0.2183,43.8,2026-03-22 09:47,条件B,100,7831,ハズレ,0,-100,38690.0,
2026-03-22,202606020802,2R3歳未勝利10:25ダ1800m15頭,イサチルシーキング,2023107394,単勝,0.1241,0.2822,0.1241,13.6,2026-03-22 09:47,条件B,100,2139,ハズレ,0,-100,38590.0,
2026-03-22,202609011002,2R3歳未勝利10:35ダ1800m13頭,エイシンリブウェル,2023105508,単勝,0.3637,0.4910,0.3637,3.1,2026-03-22 09:57,条件A,100,2374,ハズレ,0,-100,38490.0,
2026-03-22,202607010403,3R3歳未勝利10:45ダ1800m15頭,ライヴジントニック,2023106023,単勝,0.4405,0.4126,0.4405,4.4,2026-03-22 10:07,条件A,100,10803,ハズレ,0,-100,38390.0,
2026-03-22,202607010403,3R3歳未勝利10:45ダ1800m15頭,リバーソニック,2023101484,単勝,0.2518,0.5033,0.2518,5.9,2026-03-22 10:07,条件A,100,3879,ハズレ,0,-100,38290.0,
2026-03-22,202606020803,3R3歳1勝クラス10:55ダ1200m14頭,ファンシーズ,2023101616,単勝,0.5777,0.4827,0.5777,30.4,2026-03-22 10:17,条件B,100,19575,ハズレ,0,-100,38190.0,
2026-03-22,202606020803,3R3歳1勝クラス10:55ダ1200m14頭,ルクスポップスター,2023102767,単勝,0.3682,0.4636,0.3682,19.3,2026-03-22 10:17,条件B,100,13063,ハズレ,0,-100,38090.0,
2026-03-22,202606020803,3R3歳1勝クラス10:55ダ1200m14頭,クイーンレグナント,2023101106,単勝,0.1566,0.5056,0.1566,17.7,2026-03-22 10:17,条件B,100,4154,ハズレ,0,-100,37990.0,
2026-03-22,202609011003,3R3歳未勝利11:05ダ1200m13頭,マクアケ,2023100452,単勝,0.4547,0.5538,0.4547,5.9,2026-03-22 10:27,条件A,100,13445,ハズレ,0,-100,37890.0,
2026-03-22,202609011003,3R3歳未勝利11:05ダ1200m13頭,キャッチアシーフ,2023103810,単勝,0.4159,0.5948,0.4159,5.0,2026-03-22 10:27,条件A,100,10568,ハズレ,0,-100,37790.0,
2026-03-22,202609011003,3R3歳未勝利11:05ダ1200m13頭,アドフランマム,2023105187,単勝,0.3893,0.6007,0.3893,4.2,2026-03-22 10:27,条件A,100,7768,ハズレ,0,-100,37690.0,
2026-03-22,202609011003,3R3歳未勝利11:05ダ1200m13頭,メイショウテンジン,2023106567,単勝,0.2239,0.3519,0.2239,3.6,2026-03-22 10:27,条件A,100,0,ハズレ,0,-100,37590.0,
2026-03-22,202609011003,3R3歳未勝利11:05ダ1200m13頭,ヤマトチャージ,2023103054,単勝,0.1262,0.1524,0.1262,23.5,2026-03-22 10:27,条件B,100,3420,ハズレ,0,-100,37490.0,
2026-03-22,202607010404,4R3歳未勝利11:15芝2000m15頭,ワンダーシャッフル,2023101640,単勝,0.1262,0.2851,0.1262,10.2,2026-03-22 10:37,条件B,100,1223,ハズレ,0,-100,37390.0,
2026-03-22,202606020804,4R4歳以上障害未勝利11:25障2880m14頭,レヴァントリ,2022105283,単勝,0.3021,0.2660,0.3021,30.4,2026-03-22 10:47,条件B,100,10898,ハズレ,0,-100,37290.0,
2026-03-22,202607010405,5R3歳未勝利12:05芝1600m16頭,エンヴェロップ,2023105792,単勝,0.1267,0.3950,0.1267,13.8,2026-03-22 11:27,条件B,100,2290,的中,1400,1300,38590.0,
2026-03-22,202606020805,5R3歳未勝利12:15芝1600m16頭,クールチェンジ,2023107325,単勝,0.1675,0.2082,0.1675,79.2,2026-03-22 11:37,条件B,100,6140,ハズレ,0,-100,38490.0,
2026-03-22,202606020805,5R3歳未勝利12:15芝1600m16頭,シヴィータス,2023101171,単勝,0.1466,0.4135,0.1466,14.8,2026-03-22 11:37,条件B,100,3320,ハズレ,0,-100,38390.0,
2026-03-22,202606020805,5R3歳未勝利12:15芝1600m16頭,フォワードシャッセ,2023107151,単勝,0.1125,0.3640,0.1125,13.0,2026-03-22 11:37,条件B,100,1508,ハズレ,0,-100,38290.0,
2026-03-22,202609011005,5R3歳1勝クラス12:25芝1200m11頭,シラヌイ,2023105668,単勝,0.2933,0.4533,0.2933,9.0,2026-03-22 11:47,条件A,100,8024,的中,1090,990,39280.0,
2026-03-22,202609011005,5R3歳1勝クラス12:25芝1200m11頭,グレースジェンヌ,2023105336,単勝,0.2203,0.3555,0.2203,6.8,2026-03-22 11:47,条件A,100,3364,ハズレ,0,-100,39180.0,
2026-03-22,202607010406,6R4歳以上1勝クラス12:35芝2000m17頭,ストラニエーロ,2022106613,単勝,0.1736,0.1645,0.1736,66.2,2026-03-22 11:57,条件B,100,6300,ハズレ,0,-100,39080.0,
2026-03-22,202607010406,6R4歳以上1勝クラス12:35芝2000m17頭,ダノンフィオーレ,2022104894,単勝,0.1285,0.1623,0.1285,12.0,2026-03-22 11:57,条件B,100,1931,ハズレ,0,-100,38980.0,
2026-03-22,202606020806,6R3歳未勝利12:45芝2000m18頭,ジャケットポケット,2023100615,単勝,0.3792,0.5602,0.3792,13.4,2026-03-22 12:07,条件B,100,12887,ハズレ,0,-100,38880.0,
2026-03-22,202606020806,6R3歳未勝利12:45芝2000m18頭,シーギリヤロック,2023107317,単勝,0.2298,0.5371,0.2298,2.4,2026-03-22 12:07,条件A,100,0,的中,240,140,39020.0,
2026-03-22,202609011006,6R3歳1勝クラス12:55ダ1800m13頭,アメリカンコール,2023106867,単勝,0.5285,0.5373,0.5285,3.2,2026-03-22 12:17,条件A,100,12302,ハズレ,0,-100,38920.0,
2026-03-22,202609011006,6R3歳1勝クラス12:55ダ1800m13頭,クリュギスト,2023104939,単勝,0.4661,0.5826,0.4661,8.1,2026-03-22 12:17,条件A,100,15306,ハズレ,0,-100,38820.0,
2026-03-22,202609011006,6R3歳1勝クラス12:55ダ1800m13頭,ジュンプリメーロ,2023107059,単勝,0.2236,0.4203,0.2236,14.8,2026-03-22 12:17,条件B,100,6551,ハズレ,0,-100,38720.0,
2026-03-22,202609011006,6R3歳1勝クラス12:55ダ1800m13頭,ラブインアクション,2023110043,単勝,0.1345,0.3370,0.1345,17.7,2026-03-22 12:17,条件B,100,3237,ハズレ,0,-100,38620.0,
2026-03-22,202609011006,6R3歳1勝クラス12:55ダ1800m13頭,セイントエルモズ,2023101132,単勝,0.1183,0.1471,0.1183,67.5,2026-03-22 12:17,条件B,100,4112,的中,6930,6830,45450.0,
2026-03-22,202607010407,7R4歳以上1勝クラス13:05ダ1800m15頭,ロードアルディート,2022100637,単勝,0.3986,0.6015,0.3986,4.5,2026-03-22 12:27,条件A,100,8878,ハズレ,0,-100,45350.0,
2026-03-22,202607010407,7R4歳以上1勝クラス13:05ダ1800m15頭,レヴァンテシチー,2022104267,単勝,0.3888,0.5793,0.3888,2.5,2026-03-22 12:27,条件A,100,0,ハズレ,0,-100,45250.0,
2026-03-22,202607010407,7R4歳以上1勝クラス13:05ダ1800m15頭,スコーピオンイメル,2022104496,単勝,0.1964,0.4083,0.1964,11.9,2026-03-22 12:27,条件B,100,4801,ハズレ,0,-100,45150.0,
2026-03-22,202606020807,7R3歳1勝クラス13:15芝2000m8頭,コスモエルヴァル,2023106426,単勝,0.1222,0.6012,0.1222,25.1,2026-03-22 12:37,条件B,100,3360,ハズレ,0,-100,45050.0,
2026-03-22,202609011007,7R4歳以上1勝クラス13:25芝2400m11頭,ジュンライデン,2022104899,単勝,0.4602,0.4505,0.4602,6.6,2026-03-22 12:47,条件A,100,14241,ハズレ,0,-100,44950.0,
2026-03-22,202609011007,7R4歳以上1勝クラス13:25芝2400m11頭,エリカアンディーヴ,2022110060,単勝,0.3109,0.4805,0.3109,4.5,2026-03-22 12:47,条件A,100,4465,ハズレ,0,-100,44850.0,
2026-03-22,202609011007,7R4歳以上1勝クラス13:25芝2400m11頭,アットアブラスト,2020101323,単勝,0.1702,0.3063,0.1702,23.0,2026-03-22 12:47,条件B,100,5187,ハズレ,0,-100,44750.0,
2026-03-22,202606020808,8R4歳以上1勝クラス13:45ダ1800m16頭,ドゥマーヴェリック,2022103232,単勝,0.3539,0.5523,0.3539,2.4,2026-03-22 13:07,条件A,100,0,的中,230,130,44880.0,
2026-03-22,202609011008,8R4歳以上1勝クラス13:55ダ1800m10頭,オーレアミスト,2022104841,単勝,0.3132,0.4554,0.3132,4.5,2026-03-22 13:17,条件A,100,4582,ハズレ,0,-100,44780.0,
2026-03-22,202609011008,8R4歳以上1勝クラス13:55ダ1800m10頭,マジックブルー,2021103682,単勝,0.1048,0.2418,0.1048,11.4,2026-03-22 13:17,条件B,100,733,ハズレ,0,-100,44680.0,
2026-03-22,202607010409,9RFウォーク賞14:05芝1600m10頭,チュウワカーネギー,2023103895,単勝,0.3372,0.5706,0.3372,5.4,2026-03-22 13:27,条件A,100,7302,ハズレ,0,-100,44580.0,
2026-03-22,202607010409,9RFウォーク賞14:05芝1600m10頭,アイガーリー,2023103474,単勝,0.2037,0.1928,0.2037,5.9,2026-03-22 13:27,条件A,100,1612,ハズレ,0,-100,44480.0,
2026-03-22,202606020809,9R鎌ケ谷特別14:15ダ1200m16頭,マサノユニコーン,2022107130,単勝,0.7056,0.5512,0.7056,6.1,2026-03-22 13:37,条件A,100,19575,ハズレ,0,-100,44380.0,
2026-03-22,202606020809,9R鎌ケ谷特別14:15ダ1200m16頭,カネショウレジェン,2022102790,単勝,0.3956,0.6412,0.3956,2.9,2026-03-22 13:37,条件A,100,3036,的中,290,190,44570.0,
2026-03-22,202606020809,9R鎌ケ谷特別14:15ダ1200m16頭,レッドレナート,2021103145,単勝,0.1482,0.4568,0.1482,11.4,2026-03-22 13:37,条件B,100,2597,ハズレ,0,-100,44470.0,
2026-03-22,202609011009,9R皆生特別14:25芝1600m8頭,モアリジット,2021104832,単勝,0.2021,0.5702,0.2021,6.5,2026-03-22 13:47,条件A,100,2234,ハズレ,0,-100,44370.0,
2026-03-22,202609011009,9R皆生特別14:25芝1600m8頭,マルカオペラ,2021104978,単勝,0.1432,0.4119,0.1432,16.5,2026-03-22 13:47,条件B,100,3443,ハズレ,0,-100,44270.0,
2026-03-22,202609011009,9R皆生特別14:25芝1600m8頭,クイックバイオ,2021105374,単勝,0.1371,0.3148,0.1371,16.6,2026-03-22 13:47,条件B,100,3203,ハズレ,0,-100,44170.0,
2026-03-22,202607010410,10R弥富特別14:40ダ1900m16頭,イプシロンナンバー,2022107301,単勝,0.2683,0.3643,0.2683,10.1,2026-03-22 14:02,条件B,100,7355,ハズレ,0,-100,44070.0,
2026-03-22,202607010410,10R弥富特別14:40ダ1900m16頭,コスモコンフェルマ,2022100526,単勝,0.2522,0.4096,0.2522,20.5,2026-03-22 14:02,条件B,100,8374,ハズレ,0,-100,43970.0,
2026-03-22,202607010410,10R弥富特別14:40ダ1900m16頭,エクストラノート,2017103267,単勝,0.1522,0.3799,0.1522,65.6,2026-03-22 14:02,条件B,100,5444,ハズレ,0,-100,43870.0,
2026-03-22,202607010410,10R弥富特別14:40ダ1900m16頭,スルーザナイト,2022105053,単勝,0.1102,0.3643,0.1102,16.2,2026-03-22 14:02,条件B,100,2022,ハズレ,0,-100,43770.0,
2026-03-22,202606020810,10RスピカS14:50芝1800m9頭,モズロックンロール,2020106535,単勝,0.2141,0.3899,0.2141,21.9,2026-03-22 14:12,条件B,100,6911,ハズレ,0,-100,43670.0,
2026-03-22,202606020810,10RスピカS14:50芝1800m9頭,ジュタ,2022104813,単勝,0.2022,0.3381,0.2022,5.1,2026-03-22 14:12,条件A,100,300,ハズレ,0,-100,43570.0,
2026-03-22,202609011010,10RレグルスS15:00ダ1800m16頭,タガノバビロン,2022106553,単勝,0.6179,0.6440,0.6179,6.2,2026-03-22 14:22,条件A,100,19575,ハズレ,0,-100,43470.0,
2026-03-22,202609011010,10RレグルスS15:00ダ1800m16頭,ルシュヴァルドール,2021105630,単勝,0.3519,0.5420,0.3519,4.2,2026-03-22 14:22,条件A,100,5847,ハズレ,0,-100,43370.0,
2026-03-22,202609011010,10RレグルスS15:00ダ1800m16頭,モックモック,2020100061,単勝,0.2588,0.4512,0.2588,6.7,2026-03-22 14:22,条件A,100,5039,ハズレ,0,-100,43270.0,
2026-03-22,202609011010,10RレグルスS15:00ダ1800m16頭,ロードラビリンス,2022100653,単勝,0.1447,0.3211,0.1447,15.3,2026-03-22 14:22,条件B,100,3323,ハズレ,0,-100,43170.0,
2026-03-22,202609011010,10RレグルスS15:00ダ1800m16頭,タイトニット,2020102750,単勝,0.1077,0.1828,0.1077,11.8,2026-03-22 14:22,条件B,100,982,ハズレ,0,-100,43070.0,
2026-03-22,202609011010,10RレグルスS15:00ダ1800m16頭,メイショウズイウン,2022100154,単勝,0.1016,0.3178,0.1016,17.1,2026-03-22 14:22,条件B,100,1794,ハズレ,0,-100,42970.0,
2026-03-22,202607010411,11R愛知杯15:15芝1400m18頭,ウイントワイライト,2022106232,単勝,0.2639,0.3768,0.2639,6.8,2026-03-22 14:37,条件A,100,5365,ハズレ,0,-100,42870.0,
2026-03-22,202607010411,11R愛知杯15:15芝1400m18頭,シンバーシア,2021105599,単勝,0.1428,0.2890,0.1428,51.2,2026-03-22 14:37,条件B,100,4923,ハズレ,0,-100,42770.0,
2026-03-22,202607010411,11R愛知杯15:15芝1400m18頭,スリールミニョン,2022105755,単勝,0.1081,0.2700,0.1081,18.4,2026-03-22 14:37,条件B,100,2225,ハズレ,0,-100,42670.0,
2026-03-22,202606020811,11R千葉S15:30ダ1200m16頭,エコロアゼル,2022110107,単勝,0.5511,0.6474,0.5511,4.7,2026-03-22 14:52,条件A,100,16823,ハズレ,0,-100,42570.0,
2026-03-22,202606020811,11R千葉S15:30ダ1200m16頭,シークレットヴァウ,2021102413,単勝,0.1695,0.2267,0.1695,47.0,2026-03-22 14:52,条件B,100,5928,ハズレ,0,-100,42470.0,
2026-03-22,202609011011,11R阪神大賞典15:45芝3000m10頭,アドマイヤテラ,2021105369,単勝,0.2679,0.4623,0.2679,2.9,2026-03-22 15:07,条件A,100,0,的中,310,210,42680.0,
2026-03-22,202609011011,11R阪神大賞典15:45芝3000m10頭,ファミリータイム,2021100651,単勝,0.2027,0.4451,0.2027,10.1,2026-03-22 15:07,条件B,100,4504,ハズレ,0,-100,42580.0,
2026-03-22,202609011011,11R阪神大賞典15:45芝3000m10頭,シュヴァリエローズ,2018104942,単勝,0.1993,0.3244,0.1993,24.5,2026-03-22 15:07,条件B,100,6467,ハズレ,0,-100,42480.0,
2026-03-22,202609011011,11R阪神大賞典15:45芝3000m10頭,サンライズソレイユ,2021105104,単勝,0.1598,0.3411,0.1598,32.4,2026-03-22 15:07,条件B,100,5210,ハズレ,0,-100,42380.0,
2026-03-22,202609011011,11R阪神大賞典15:45芝3000m10頭,アクアヴァーナル,2021105433,単勝,0.1199,0.4665,0.1199,10.5,2026-03-22 15:07,条件B,100,1069,ハズレ,0,-100,42280.0,
2026-03-22,202607010412,12R4歳以上1勝クラス16:00ダ1200m16頭,フルドド,2022100630,単勝,0.2734,0.4862,0.2734,6.3,2026-03-22 15:22,条件A,100,5337,ハズレ,0,-100,42180.0,
2026-03-22,202607010412,12R4歳以上1勝クラス16:00ダ1200m16頭,ジェイエルバース,2022100604,単勝,0.1140,0.1591,0.1140,31.2,2026-03-22 15:22,条件B,100,3315,ハズレ,0,-100,42080.0,
2026-03-22,202606020812,12R4歳以上2勝クラス16:10ダ1800m16頭,コンティオ,2022100629,単勝,0.5749,0.6313,0.5749,8.9,2026-03-22 15:32,条件A,100,19575,ハズレ,0,-100,41980.0,
2026-03-22,202606020812,12R4歳以上2勝クラス16:10ダ1800m16頭,カーラデマドレ,2022104912,単勝,0.4495,0.6104,0.4495,4.1,2026-03-22 15:32,条件A,100,10645,ハズレ,0,-100,41880.0,
2026-03-22,202606020812,12R4歳以上2勝クラス16:10ダ1800m16頭,アルドール,2021105707,単勝,0.3196,0.4682,0.3196,14.2,2026-03-22 15:32,条件B,100,10494,ハズレ,0,-100,41780.0,
2026-03-22,202606020812,12R4歳以上2勝クラス16:10ダ1800m16頭,エーリアル,2021104856,単勝,0.1563,0.2333,0.1563,32.6,2026-03-22 15:32,条件B,100,5074,ハズレ,0,-100,41680.0,
2026-03-22,202609011012,12R4歳以上2勝クラス16:25ダ1400m13頭,ゲイルライダー,2022103684,単勝,0.3866,0.5053,0.3866,4.1,2026-03-22 15:47,条件A,100,7390,的中,290,190,41870.0,
2026-03-22,202609011012,12R4歳以上2勝クラス16:25ダ1400m13頭,ザックザク,2022100476,単勝,0.3268,0.4058,0.3268,9.1,2026-03-22 15:47,条件A,100,9542,ハズレ,0,-100,41770.0,
2026-03-22,202609011012,12R4歳以上2勝クラス16:25ダ1400m13頭,ヨリノレジェンド,2022102202,単勝,0.2503,0.4674,0.2503,6.4,2026-03-22 15:47,条件A,100,4362,ハズレ,0,-100,41670.0,
2026-03-22,202609011012,12R4歳以上2勝クラス16:25ダ1400m13頭,リメンバーヒム,2022100321,単勝,0.1090,0.1714,0.1090,20.3,2026-03-22 15:47,条件B,100,2458,ハズレ,0,-100,41570.0,
